-- phpMyAdmin SQL Dump
-- version 5.2.1
-- https://www.phpmyadmin.net/
--
-- Máy chủ: 127.0.0.1
-- Thời gian đã tạo: Th10 03, 2025 lúc 09:05 AM
-- Phiên bản máy phục vụ: 10.4.32-MariaDB
-- Phiên bản PHP: 8.2.12

SET SQL_MODE = "NO_AUTO_VALUE_ON_ZERO";
START TRANSACTION;
SET time_zone = "+00:00";


/*!40101 SET @OLD_CHARACTER_SET_CLIENT=@@CHARACTER_SET_CLIENT */;
/*!40101 SET @OLD_CHARACTER_SET_RESULTS=@@CHARACTER_SET_RESULTS */;
/*!40101 SET @OLD_COLLATION_CONNECTION=@@COLLATION_CONNECTION */;
/*!40101 SET NAMES utf8mb4 */;

--
-- Cơ sở dữ liệu: `cuahang_db`
--

-- --------------------------------------------------------

--
-- Cấu trúc bảng cho bảng `chi_tiet_don_hang`
--

CREATE TABLE `chi_tiet_don_hang` (
  `id` int(11) NOT NULL,
  `id_don_hang` int(11) NOT NULL,
  `id_san_pham` int(11) NOT NULL,
  `ten_san_pham` varchar(100) NOT NULL,
  `so_luong` int(11) NOT NULL,
  `don_gia` decimal(10,2) NOT NULL
) ENGINE=InnoDB DEFAULT CHARSET=utf8mb4 COLLATE=utf8mb4_unicode_ci;

--
-- Đang đổ dữ liệu cho bảng `chi_tiet_don_hang`
--

INSERT INTO `chi_tiet_don_hang` (`id`, `id_don_hang`, `id_san_pham`, `ten_san_pham`, `so_luong`, `don_gia`) VALUES
(1, 1, 111, 'Sữa chua uống vị dâu 150g', 1, 30648.00),
(2, 2, 6, 'Aquafina 500ml', 1, 7000.00),
(3, 3, 6, 'Aquafina 500ml', 1, 7000.00),
(4, 4, 6, 'Aquafina 500ml', 1, 7000.00),
(5, 5, 37, 'Bàn chải P/S', 1, 18000.00),
(6, 6, 37, 'Bàn chải P/S', 1, 18000.00),
(7, 7, 91, 'Bánh mì que 250g', 1, 118984.00),
(8, 8, 6, 'Aquafina 500ml', 1, 7000.00),
(9, 9, 37, 'Bàn chải P/S', 1, 18000.00),
(10, 10, 35, 'Bánh bao nhân thịt', 1, 15000.00),
(11, 11, 6, 'Aquafina 500ml', 2, 7000.00),
(12, 12, 6, 'Aquafina 500ml', 1, 7000.00),
(13, 13, 37, 'Bàn chải P/S', 1, 18000.00),
(14, 14, 6, 'Aquafina 500ml', 1, 7000.00),
(15, 15, 6, 'Aquafina 500ml', 1, 7000.00),
(16, 16, 37, 'Bàn chải P/S', 1, 18000.00),
(17, 17, 97, 'Bánh mì que 750g', 1, 12322.00),
(18, 18, 103, 'Bánh quy bơ 250g', 1, 150197.00),
(19, 19, 3, '7Up 330ml', 1, 9000.00),
(20, 20, 35, 'Bánh bao nhân thịt', 1, 15000.00),
(21, 21, 109, 'Sữa chua uống vị dâu Meiji lốc 4 hộp x 85ml', 1, 35000.00),
(22, 22, 3, '7Up 330ml', 1, 9000.00),
(23, 23, 6, 'Aquafina 500ml', 1, 7000.00),
(24, 24, 3, '7Up 330ml', 1, 9000.00),
(25, 25, 6, 'Aquafina 500ml', 1, 7000.00),
(26, 26, 37, 'Bàn chải P/S', 1, 18000.00),
(27, 27, 6, 'Aquafina 500ml', 1, 7000.00),
(28, 28, 3, '7Up 330ml', 1, 9000.00),
(29, 29, 37, 'Bàn chải P/S', 1, 18000.00),
(30, 30, 37, 'Bàn chải P/S', 1, 18000.00),
(31, 31, 3, '7Up 330ml', 1, 9000.00),
(32, 32, 3, '7Up 330ml', 1, 9000.00),
(33, 33, 96, 'Bánh mì que 400g', 3, 22842.00),
(34, 34, 37, 'Bàn chải P/S', 1, 18000.00),
(35, 35, 6, 'Aquafina 500ml', 1, 7000.00),
(36, 36, 6, 'Aquafina 500ml', 1, 7000.00),
(37, 37, 100, 'Bánh mì que 400g', 1, 165744.00),
(38, 38, 6, 'Aquafina 500ml', 1, 7000.00),
(39, 39, 37, 'Bàn chải P/S', 1, 18000.00),
(40, 40, 6, 'Aquafina 500ml', 1, 7000.00),
(41, 41, 37, 'Bàn chải P/S', 1, 18000.00),
(42, 42, 6, 'Aquafina 500ml', 2, 7000.00),
(43, 43, 151, 'Nước Rửa Tay Lifebuoy Công Thức Vitamin+ Sữa Dưỡng Ẩm Chai 450G\n', 1, 64500.00),
(44, 44, 6, 'Aquafina 500ml', 1, 7000.00),
(45, 45, 35, 'Bánh bao nhân thịt', 1, 15000.00),
(46, 46, 32, 'Cà phê sữa G7 3in1 16g', 1, 3000.00),
(47, 47, 151, 'Nước Rửa Tay Lifebuoy Công Thức Vitamin+ Sữa Dưỡng Ẩm Chai 450G\n', 1, 64500.00),
(48, 48, 94, 'Bánh quy bơ 100g', 1, 37104.00),
(49, 49, 37, 'Bàn chải P/S', 3, 18000.00),
(50, 50, 37, 'Bàn chải P/S', 1, 18000.00),
(51, 51, 6, 'Aquafina 500ml', 1, 7000.00),
(52, 52, 151, 'Nước Rửa Tay Lifebuoy Công Thức Vitamin+ Sữa Dưỡng Ẩm Chai 450G\n', 1, 64500.00),
(53, 53, 37, 'Bàn chải P/S', 1, 18000.00),
(54, 54, 151, 'Nước Rửa Tay Lifebuoy Công Thức Vitamin+ Sữa Dưỡng Ẩm Chai 450G\n', 1, 64500.00),
(55, 55, 103, 'Bánh quy bơ 250g', 1, 150197.00),
(56, 56, 37, 'Bàn chải P/S', 1, 18000.00),
(57, 57, 37, 'Bàn chải P/S', 1, 18000.00),
(58, 58, 37, 'Bàn chải P/S', 1, 18000.00),
(59, 59, 6, 'Aquafina 500ml', 1, 7000.00),
(60, 60, 6, 'Aquafina 500ml', 2, 7000.00),
(61, 61, 3, '7Up 330ml', 1, 9000.00),
(62, 62, 6, 'Aquafina 500ml', 1, 7000.00),
(63, 63, 6, 'Aquafina 500ml', 1, 7000.00),
(64, 64, 6, 'Aquafina 500ml', 1, 7000.00),
(65, 65, 37, 'Bàn chải P/S', 1, 18000.00),
(66, 66, 104, 'Bánh mì que 200g', 2, 79924.00),
(67, 67, 152, 'Nước tẩy bồn cầu & nhà tắm VIM diệt khuẩn 500ml', 1, 26000.00),
(68, 68, 6, 'Aquafina 500ml', 1, 7000.00),
(69, 69, 35, 'Bánh bao nhân thịt', 1, 15000.00),
(70, 70, 17, 'Bánh ChocoPie 360g', 1, 42000.00),
(71, 71, 6, 'Aquafina 500ml', 1, 7000.00),
(72, 72, 17, 'Bánh ChocoPie 360g', 1, 42000.00),
(73, 73, 152, 'Nước tẩy bồn cầu & nhà tắm VIM diệt khuẩn 500ml', 1, 26000.00),
(74, 74, 199, 'Bánh Bao Kim Sa LC 300g - 61229\n', 1, 29000.00),
(75, 75, 37, 'Bàn chải P/S', 1, 18000.00),
(76, 76, 6, 'Aquafina 500ml', 1, 7000.00),
(77, 77, 17, 'Bánh ChocoPie 360g', 1, 42000.00),
(78, 78, 17, 'Bánh ChocoPie 360g', 1, 42000.00),
(79, 79, 6, 'Aquafina 500ml', 1, 7000.00),
(80, 80, 6, 'Aquafina 500ml', 1, 7000.00),
(81, 81, 6, 'Aquafina 500ml', 1, 7000.00),
(82, 82, 6, 'Aquafina 500ml', 1, 7000.00),
(83, 83, 17, 'Bánh ChocoPie 360g', 1, 42000.00),
(84, 84, 37, 'Bàn chải P/S', 1, 18000.00),
(85, 85, 37, 'Bàn chải P/S', 1, 18000.00),
(86, 86, 6, 'Aquafina 500ml', 1, 7000.00),
(87, 87, 6, 'Aquafina 500ml', 1, 7000.00),
(88, 88, 6, 'Aquafina 500ml', 1, 7000.00),
(89, 89, 35, 'Bánh bao nhân thịt', 1, 15000.00),
(90, 90, 6, 'Aquafina 500ml', 1, 7000.00),
(91, 91, 37, 'Bàn chải P/S', 1, 18000.00),
(92, 92, 6, 'Aquafina 500ml', 1, 7000.00);

-- --------------------------------------------------------

--
-- Cấu trúc bảng cho bảng `chi_tiet_hoa_don_ban`
--

CREATE TABLE `chi_tiet_hoa_don_ban` (
  `id` int(11) NOT NULL,
  `id_hoa_don` int(11) DEFAULT NULL,
  `id_san_pham` int(11) DEFAULT NULL,
  `so_luong` int(11) DEFAULT NULL,
  `don_gia` decimal(10,2) DEFAULT NULL
) ENGINE=InnoDB DEFAULT CHARSET=utf8mb4 COLLATE=utf8mb4_unicode_ci;

--
-- Đang đổ dữ liệu cho bảng `chi_tiet_hoa_don_ban`
--

INSERT INTO `chi_tiet_hoa_don_ban` (`id`, `id_hoa_don`, `id_san_pham`, `so_luong`, `don_gia`) VALUES
(1, 1, 96, 10, 22842.00),
(2, 1, 181, 1, 54124.00),
(3, 2, 88, 4, 59889.00),
(6, 2, 82, 4, 43555.00),
(7, 3, 169, 6, 156708.00),
(8, 3, 25, 10, 28000.00),
(9, 3, 101, 6, 114428.00),
(10, 4, 80, 5, 128465.00),
(11, 5, 97, 7, 12322.00),
(12, 5, 3, 1, 9000.00),
(13, 5, 78, 1, 46655.00),
(14, 6, 4, 8, 15000.00),
(16, 6, 134, 1, 87448.00),
(17, 6, 1, 4, 9000.00),
(22, 9, 84, 2, 94869.00),
(23, 10, 10, 1, 34000.00),
(24, 10, 82, 6, 43555.00),
(25, 10, 61, 10, 92000.00),
(26, 10, 12, 6, 28000.00),
(28, 11, 86, 5, 94187.00),
(29, 11, 92, 1, 95329.00),
(30, 11, 19, 6, 38000.00),
(31, 11, 43, 10, 23000.00),
(32, 12, 46, 5, 12000.00),
(33, 12, 32, 8, 3000.00),
(35, 12, 9, 3, 11000.00),
(37, 13, 90, 1, 116997.00),
(38, 13, 67, 8, 26000.00),
(41, 14, 120, 1, 60934.00),
(42, 14, 32, 6, 3000.00),
(43, 15, 140, 3, 137372.00),
(44, 15, 107, 4, 150248.00),
(45, 15, 58, 8, 28000.00),
(46, 15, 22, 7, 6500.00),
(47, 16, 130, 9, 131147.00),
(48, 16, 153, 9, 13660.00),
(49, 16, 40, 5, 105000.00),
(50, 16, 19, 5, 38000.00),
(51, 17, 43, 10, 23000.00),
(52, 18, 49, 3, 6000.00),
(53, 18, 32, 8, 3000.00),
(54, 18, 41, 1, 36000.00),
(56, 18, 96, 6, 22842.00),
(57, 19, 1, 7, 9000.00),
(60, 20, 63, 5, 19000.00),
(61, 20, 148, 5, 69056.00),
(62, 20, 2, 1, 9000.00),
(63, 20, 24, 6, 32000.00),
(64, 21, 27, 10, 30000.00),
(65, 21, 111, 5, 30648.00),
(66, 22, 34, 5, 10000.00),
(68, 24, 46, 9, 12000.00),
(69, 24, 12, 10, 28000.00),
(70, 24, 102, 6, 114330.00),
(72, 24, 46, 1, 12000.00),
(73, 25, 110, 2, 116912.00),
(74, 25, 29, 4, 22000.00),
(75, 26, 83, 1, 49811.00),
(78, 27, 107, 10, 150248.00),
(79, 27, 37, 2, 18000.00),
(80, 27, 184, 6, 126522.00),
(81, 27, 4, 2, 15000.00),
(82, 27, 71, 2, 165000.00),
(83, 28, 89, 7, 106371.00),
(84, 29, 146, 8, 131289.00),
(85, 29, 63, 8, 19000.00),
(87, 30, 40, 10, 105000.00),
(88, 31, 165, 4, 143826.00),
(89, 31, 152, 8, 141009.00),
(90, 31, 134, 3, 87448.00),
(91, 31, 21, 3, 8000.00),
(92, 31, 55, 9, 72000.00),
(93, 32, 11, 3, 8000.00),
(94, 32, 42, 10, 42000.00),
(96, 33, 73, 4, 68000.00),
(98, 33, 31, 2, 18000.00),
(99, 33, 105, 9, 125206.00),
(100, 34, 103, 2, 150197.00),
(102, 34, 106, 9, 143279.00),
(104, 35, 59, 9, 32000.00),
(107, 36, 196, 5, 60726.00),
(108, 37, 197, 9, 171814.00),
(109, 37, 27, 3, 30000.00),
(110, 38, 148, 9, 69056.00),
(111, 38, 119, 7, 178424.00),
(112, 38, 56, 5, 56000.00),
(113, 39, 62, 8, 148000.00),
(114, 39, 28, 5, 15000.00),
(115, 40, 153, 6, 13660.00),
(116, 40, 153, 9, 13660.00),
(117, 40, 183, 1, 140529.00),
(118, 41, 193, 9, 104604.00),
(119, 41, 52, 5, 52000.00),
(121, 41, 22, 4, 6500.00),
(122, 41, 60, 5, 45000.00),
(123, 42, 119, 9, 178424.00),
(126, 42, 6, 8, 7000.00),
(127, 43, 110, 5, 116912.00),
(129, 44, 55, 7, 72000.00),
(130, 44, 28, 5, 15000.00),
(132, 45, 100, 1, 165744.00),
(133, 46, 199, 2, 19812.00),
(134, 46, 32, 1, 3000.00),
(135, 46, 107, 7, 150248.00),
(136, 46, 70, 1, 23000.00),
(138, 47, 101, 9, 114428.00),
(139, 47, 177, 8, 48772.00),
(140, 47, 191, 10, 139767.00),
(141, 48, 63, 5, 19000.00),
(142, 48, 49, 5, 6000.00),
(143, 48, 153, 3, 13660.00),
(145, 48, 197, 3, 171814.00),
(149, 50, 147, 10, 166885.00),
(151, 50, 30, 10, 18000.00);

-- --------------------------------------------------------

--
-- Cấu trúc bảng cho bảng `chi_tiet_phieu_nhap`
--

CREATE TABLE `chi_tiet_phieu_nhap` (
  `id` int(11) NOT NULL,
  `id_phieu_nhap` int(11) DEFAULT NULL,
  `id_san_pham` int(11) DEFAULT NULL,
  `so_luong_nhap` int(11) DEFAULT NULL,
  `gia_nhap` decimal(10,2) DEFAULT NULL
) ENGINE=InnoDB DEFAULT CHARSET=utf8mb4 COLLATE=utf8mb4_unicode_ci;

--
-- Đang đổ dữ liệu cho bảng `chi_tiet_phieu_nhap`
--

INSERT INTO `chi_tiet_phieu_nhap` (`id`, `id_phieu_nhap`, `id_san_pham`, `so_luong_nhap`, `gia_nhap`) VALUES
(1, 1, 58, 64, 26397.00),
(2, 1, 36, 54, 8770.00),
(3, 1, 112, 84, 31163.00),
(4, 1, 42, 38, 40270.00),
(5, 1, 66, 22, 113046.00),
(6, 2, 53, 74, 7422.00),
(9, 2, 64, 55, 66881.00),
(10, 3, 24, 94, 30904.00),
(11, 4, 93, 74, 32589.00),
(12, 4, 192, 57, 92844.00),
(13, 4, 177, 80, 47773.00),
(14, 4, 47, 14, 157713.00),
(15, 4, 66, 63, 113196.00),
(17, 5, 62, 21, 147347.00),
(18, 5, 93, 89, 31549.00),
(19, 5, 34, 42, 8954.00),
(20, 6, 60, 66, 44492.00),
(21, 6, 95, 44, 109646.00),
(22, 6, 109, 17, 56269.00),
(25, 7, 200, 67, 109592.00),
(26, 7, 165, 88, 142803.00),
(27, 8, 184, 42, 125275.00),
(28, 8, 196, 97, 60031.00),
(29, 9, 107, 21, 149268.00),
(30, 9, 60, 71, 44003.00),
(31, 9, 62, 16, 146651.00),
(32, 10, 105, 29, 123583.00),
(33, 10, 14, 25, 33456.00),
(34, 10, 179, 84, 17486.00),
(35, 11, 69, 22, 5601.00),
(36, 11, 47, 11, 157771.00),
(37, 12, 7, 44, 6253.00),
(38, 12, 12, 39, 27369.00),
(39, 13, 101, 69, 112725.00),
(40, 13, 27, 97, 28376.00),
(41, 13, 166, 72, 84155.00),
(42, 13, 129, 64, 108464.00),
(43, 13, 130, 47, 129775.00),
(44, 14, 54, 43, 64051.00),
(46, 15, 101, 19, 113576.00),
(47, 15, 42, 95, 40445.00),
(48, 15, 79, 56, 152871.00),
(49, 15, 7, 67, 6106.00),
(50, 16, 184, 15, 125209.00),
(51, 16, 14, 56, 32073.00),
(52, 16, 75, 49, 58782.00),
(53, 16, 12, 15, 26305.00),
(54, 16, 66, 67, 114445.00),
(55, 17, 102, 80, 113390.00),
(57, 18, 29, 31, 20725.00),
(58, 18, 38, 14, 30639.00),
(59, 18, 164, 61, 114486.00),
(60, 18, 104, 16, 78868.00),
(61, 19, 187, 69, 71627.00),
(62, 19, 197, 74, 170199.00),
(63, 19, 68, 12, 27373.00),
(64, 19, 23, 71, 8059.00),
(66, 20, 115, 81, 74947.00),
(67, 21, 27, 13, 28963.00),
(68, 21, 190, 20, 57363.00),
(69, 22, 44, 26, 53354.00),
(70, 22, 16, 72, 11962.00),
(71, 22, 29, 62, 20839.00),
(72, 22, 152, 17, 139052.00),
(73, 23, 62, 48, 146409.00),
(75, 23, 27, 93, 28133.00),
(77, 24, 70, 12, 22272.00),
(78, 24, 88, 29, 59357.00),
(79, 24, 134, 54, 86572.00),
(80, 24, 107, 43, 149055.00),
(82, 25, 138, 24, 77738.00),
(83, 26, 133, 29, 165452.00),
(84, 27, 37, 35, 16688.00),
(85, 27, 28, 37, 13654.00),
(86, 27, 106, 59, 141824.00),
(87, 28, 101, 16, 113434.00),
(88, 29, 90, 74, 116135.00),
(89, 29, 76, 87, 59143.00),
(90, 29, 68, 33, 26906.00),
(93, 30, 8, 18, 7668.00),
(94, 30, 152, 16, 140362.00),
(95, 30, 137, 65, 101097.00),
(96, 30, 190, 27, 58344.00),
(97, 31, 112, 11, 31784.00),
(98, 31, 37, 89, 16802.00),
(100, 33, 153, 41, 12585.00),
(103, 35, 40, 83, 104442.00),
(104, 35, 183, 47, 138723.00),
(105, 35, 73, 24, 66718.00),
(106, 35, 33, 37, 10344.00),
(107, 35, 61, 100, 90590.00),
(108, 36, 54, 77, 63724.00),
(110, 37, 200, 96, 109963.00),
(111, 37, 33, 36, 11007.00),
(112, 38, 39, 61, 87098.00),
(113, 38, 137, 68, 101194.00),
(114, 39, 178, 84, 76155.00),
(115, 40, 73, 32, 66200.00),
(116, 40, 118, 12, 31367.00),
(117, 40, 1, 94, 7759.00),
(118, 40, 91, 56, 117309.00),
(119, 41, 28, 96, 14302.00),
(120, 41, 164, 60, 114453.00),
(121, 41, 70, 68, 22130.00),
(122, 41, 60, 41, 43654.00),
(123, 42, 8, 74, 7883.00),
(124, 42, 178, 77, 77286.00),
(125, 42, 75, 64, 58775.00),
(126, 42, 184, 64, 124921.00),
(127, 43, 19, 78, 36868.00),
(128, 44, 91, 38, 117435.00),
(129, 44, 102, 63, 112783.00),
(130, 44, 17, 16, 40847.00),
(131, 44, 83, 67, 48690.00),
(132, 44, 4, 71, 13927.00),
(133, 45, 100, 34, 164743.00),
(134, 45, 87, 99, 153507.00),
(135, 46, 35, 13, 13014.00),
(138, 46, 104, 88, 79284.00),
(140, 47, 2, 98, 8098.00),
(141, 47, 19, 35, 36317.00),
(142, 47, 166, 35, 84267.00),
(143, 47, 47, 81, 158085.00),
(144, 48, 10, 86, 33034.00),
(145, 48, 83, 39, 49034.00),
(146, 48, 5, 31, 9252.00),
(147, 48, 27, 36, 28719.00),
(148, 48, 197, 12, 170818.00),
(149, 49, 109, 30, 55738.00),
(150, 49, 83, 40, 49117.00),
(151, 49, 91, 67, 118249.00),
(152, 49, 41, 79, 34386.00),
(153, 50, 30, 100, 16773.00),
(155, 50, 147, 65, 166047.00),
(157, 50, 37, 48, 17309.00);

-- --------------------------------------------------------

--
-- Cấu trúc bảng cho bảng `dia_chi_khach`
--

CREATE TABLE `dia_chi_khach` (
  `id` int(11) NOT NULL,
  `id_khach_hang` int(11) NOT NULL,
  `ho_ten_nguoi_nhan` varchar(100) NOT NULL,
  `so_dien_thoai` varchar(15) NOT NULL,
  `dia_chi_chi_tiet` text NOT NULL,
  `phuong_xa` varchar(100) DEFAULT NULL,
  `quan_huyen` varchar(100) DEFAULT NULL,
  `tinh_thanh` varchar(100) DEFAULT NULL,
  `mac_dinh` tinyint(1) NOT NULL DEFAULT 0
) ENGINE=InnoDB DEFAULT CHARSET=utf8mb4 COLLATE=utf8mb4_unicode_ci;

-- --------------------------------------------------------

--
-- Cấu trúc bảng cho bảng `don_hang`
--

CREATE TABLE `don_hang` (
  `id` int(11) NOT NULL,
  `ma_don_hang` varchar(50) NOT NULL,
  `id_khach_hang` int(11) NOT NULL,
  `tong_tien` decimal(10,2) NOT NULL,
  `trang_thai` enum('cho_xac_nhan','da_xac_nhan','dang_giao','da_giao','da_huy') NOT NULL DEFAULT 'cho_xac_nhan',
  `phuong_thuc_thanh_toan` varchar(50) NOT NULL,
  `trang_thai_thanh_toan` tinyint(1) NOT NULL DEFAULT 0,
  `dia_chi_giao_hang` text NOT NULL,
  `ho_ten_nguoi_nhan` varchar(100) NOT NULL,
  `so_dien_thoai` varchar(15) NOT NULL,
  `ghi_chu` text DEFAULT NULL,
  `ngay_tao` datetime NOT NULL DEFAULT current_timestamp(),
  `ngay_cap_nhat` datetime NOT NULL
) ENGINE=InnoDB DEFAULT CHARSET=utf8mb4 COLLATE=utf8mb4_unicode_ci;

--
-- Đang đổ dữ liệu cho bảng `don_hang`
--

INSERT INTO `don_hang` (`id`, `ma_don_hang`, `id_khach_hang`, `tong_tien`, `trang_thai`, `phuong_thuc_thanh_toan`, `trang_thai_thanh_toan`, `dia_chi_giao_hang`, `ho_ten_nguoi_nhan`, `so_dien_thoai`, `ghi_chu`, `ngay_tao`, `ngay_cap_nhat`) VALUES
(1, 'DH1760932721475116', 1, 30648.00, 'cho_xac_nhan', 'cod', 0, 'nha nghii', 'anh yeu em cuc cuc', '0909090909', 'ks 5s', '2025-10-20 03:58:41', '2025-10-20 03:58:41'),
(2, 'DH1760932765217759', 1, 7000.00, 'cho_xac_nhan', 'bank_transfer', 0, 'jnjn', 'anh yeu em cuc cuc', '0909090909', 'bhbhbh', '2025-10-20 03:59:25', '2025-10-20 04:00:30'),
(3, 'DH1760932874767247', 1, 7000.00, 'cho_xac_nhan', 'momo', 0, 'cf', 'anh yeu em cuc cuc', '0909090909', 's', '2025-10-20 04:01:14', '2025-10-20 04:01:14'),
(4, 'DH1760932933348727', 1, 7000.00, 'cho_xac_nhan', 'bank_transfer', 0, 'aa', 'anh yeu em cuc cuc', '0909090909', 'a', '2025-10-20 04:02:13', '2025-10-20 04:03:15'),
(5, 'DH1760933668445619', 1, 18000.00, 'cho_xac_nhan', 'bank_transfer', 0, 'fsdf', 'anh yeu em cuc cuc', '0909090909', 'ssfsdf', '2025-10-20 04:14:28', '2025-10-20 04:15:30'),
(6, 'DH1760933722315222', 1, 18000.00, 'cho_xac_nhan', 'bank_transfer', 0, 'nha nghi em', 'anh yeu em cuc cuc', '0909090909', 'khach san 5 sao', '2025-10-20 04:15:22', '2025-10-20 04:16:25'),
(7, 'DH1761099774541966', 1, 118984.00, 'cho_xac_nhan', 'bank_transfer', 0, 'dasd', 'anh yeu em cuc cuc', '0909090909', 'das', '2025-10-22 02:22:54', '2025-10-22 02:24:00'),
(8, 'DH1761102319039882', 1, 7000.00, 'cho_xac_nhan', 'momo', 0, 'f', 'anh yeu em cuc cuc', '0909090909', 'f', '2025-10-22 03:05:19', '2025-10-22 03:05:19'),
(9, 'DH1761102342981959', 1, 18000.00, 'cho_xac_nhan', 'bank_transfer', 0, 'fg', 'anh yeu em cuc cuc', '0909090909', 'g', '2025-10-22 03:05:42', '2025-10-22 03:06:45'),
(10, 'DH1761116262244813', 1, 15000.00, 'cho_xac_nhan', 'bank_transfer', 0, 'df', 'anh yeu em cuc cuc', '0909090909', 'fds', '2025-10-22 06:57:42', '2025-10-22 06:58:45'),
(11, 'DH1761275587219661', 1, 14000.00, 'cho_xac_nhan', 'bank_transfer', 0, 's', 'anh yeu em cuc cuc', '0909090909', 's', '2025-10-24 03:13:07', '2025-10-24 03:14:10'),
(12, 'DH1761377660061377', 1, 7000.00, 'cho_xac_nhan', 'bank_transfer', 0, ',', 'anh yeu em cuc cuc', '0909090909', '.', '2025-10-25 07:34:20', '2025-10-25 07:35:25'),
(13, 'DH176137840524660', 1, 18000.00, 'cho_xac_nhan', 'vnpay', 0, '\nk', 'anh yeu em cuc cuc', '0909090909', 'k', '2025-10-25 07:46:45', '2025-10-25 07:46:45'),
(14, 'DH1761378902939128', 1, 7000.00, 'cho_xac_nhan', 'bank_transfer', 0, 'n', 'anh yeu em cuc cuc', '0909090909', 'b', '2025-10-25 07:55:02', '2025-10-25 07:56:05'),
(15, 'DH1761378929238135', 1, 7000.00, 'cho_xac_nhan', 'bank_transfer', 0, 'nb', 'anh yeu em cuc cuc', '0909090909', 'b', '2025-10-25 07:55:29', '2025-10-25 07:56:30'),
(16, 'DH1761378942992691', 1, 18000.00, 'cho_xac_nhan', 'vnpay', 0, 'b', 'anh yeu em cuc cuc', '0909090909', 'b', '2025-10-25 07:55:42', '2025-10-25 07:55:42'),
(17, 'DH1761379538733231', 1, 12322.00, 'cho_xac_nhan', 'vnpay', 0, 'd', 'anh yeu em cuc cuc', '0909090909', 'd', '2025-10-25 08:05:38', '2025-10-25 08:05:38'),
(18, 'DH1761379626134258', 1, 150197.00, 'cho_xac_nhan', 'vnpay', 0, 'f', 'anh yeu em cuc cuc', '0909090909', 'f', '2025-10-25 08:07:06', '2025-10-25 08:07:06'),
(19, 'DH1761379680067821', 1, 9000.00, 'cho_xac_nhan', 'vnpay', 0, 's', 'anh yeu em cuc cuc', '0909090909', 's', '2025-10-25 08:08:00', '2025-10-25 08:08:00'),
(20, 'DH1761379969287172', 1, 15000.00, 'cho_xac_nhan', 'vnpay', 0, 'm', 'anh yeu em cuc cuc', '0909090909', 'j', '2025-10-25 08:12:49', '2025-10-25 08:12:49'),
(21, 'DH1761380437915485', 1, 35000.00, 'cho_xac_nhan', 'vnpay', 0, 'fe', 'anh yeu em cuc cuc', '0909090909', 'r', '2025-10-25 08:20:37', '2025-10-25 08:20:37'),
(22, 'DH1761470198725300', 1, 9000.00, 'cho_xac_nhan', 'vnpay', 0, 'vxfx', 'anh yeu em cuc cuc', '0909090909', 'hg', '2025-10-26 09:16:38', '2025-10-26 09:16:38'),
(23, 'DH176147021714243', 1, 7000.00, 'cho_xac_nhan', 'bank_transfer', 0, 'm', 'anh yeu em cuc cuc', '0909090909', 'b', '2025-10-26 09:16:57', '2025-10-26 09:18:00'),
(24, 'DH1761471597482510', 1, 9000.00, 'cho_xac_nhan', 'vnpay', 0, 'd', 'anh yeu em cuc cuc', '0909090909', 'd', '2025-10-26 09:39:57', '2025-10-26 09:39:57'),
(25, 'DH1761471829082259', 1, 7000.00, 'cho_xac_nhan', 'vnpay', 0, 'f', 'anh yeu em cuc cuc', '0909090909', 'f', '2025-10-26 09:43:49', '2025-10-26 09:43:49'),
(26, 'DH1761472053215410', 1, 18000.00, 'cho_xac_nhan', 'vnpay', 0, 's', 'anh yeu em cuc cuc', '0909090909', 'f', '2025-10-26 09:47:33', '2025-10-26 09:47:33'),
(27, 'DH1761472148857217', 1, 7000.00, 'cho_xac_nhan', 'vnpay', 0, 'hg', 'anh yeu em cuc cuc', '0909090909', 'g', '2025-10-26 09:49:08', '2025-10-26 09:49:08'),
(28, 'DH1761472239968894', 1, 9000.00, 'cho_xac_nhan', 'vnpay', 0, 'jn', 'anh yeu em cuc cuc', '0909090909', 'bh', '2025-10-26 09:50:39', '2025-10-26 09:50:39'),
(29, 'DH1761472276785608', 1, 18000.00, 'cho_xac_nhan', 'vnpay', 0, 'nb', 'anh yeu em cuc cuc', '0909090909', 'g', '2025-10-26 09:51:16', '2025-10-26 09:51:16'),
(30, 'DH1761472625619852', 1, 18000.00, 'cho_xac_nhan', 'vnpay', 0, 'hg', 'anh yeu em cuc cuc', '0909090909', 'hg', '2025-10-26 09:57:05', '2025-10-26 09:57:05'),
(31, 'DH1761472701905610', 1, 9000.00, 'cho_xac_nhan', 'vnpay', 0, 'f', 'anh yeu em cuc cuc', '0909090909', 'f', '2025-10-26 09:58:21', '2025-10-26 09:58:21'),
(32, 'DH1761472866975934', 1, 9000.00, 'cho_xac_nhan', 'vnpay', 0, 'hj', 'anh yeu em cuc cuc', '0909090909', 'hj', '2025-10-26 10:01:06', '2025-10-26 10:01:06'),
(33, 'DH176147428157234', 1, 68526.00, 'cho_xac_nhan', 'vnpay', 0, 's', 'anh yeu em cuc cuc', '0909090909', 'a', '2025-10-26 10:24:41', '2025-10-26 10:24:41'),
(34, 'DH1761474488982193', 1, 18000.00, 'cho_xac_nhan', 'vnpay', 0, 's', 'anh yeu em cuc cuc', '0909090909', 's', '2025-10-26 10:28:08', '2025-10-26 10:28:08'),
(35, 'DH1761474513976222', 1, 7000.00, 'cho_xac_nhan', 'vnpay', 0, 's', 'anh yeu em cuc cuc', '0909090909', 's', '2025-10-26 10:28:33', '2025-10-26 10:28:33'),
(36, 'DH1761474736578892', 1, 7000.00, 'cho_xac_nhan', 'vnpay', 0, 's', 'anh yeu em cuc cuc', '0909090909', 's', '2025-10-26 10:32:16', '2025-10-26 10:32:16'),
(37, 'DH1761474776228475', 1, 165744.00, 'cho_xac_nhan', 'vnpay', 0, 't', 'anh yeu em cuc cuc', '0909090909', 't', '2025-10-26 10:32:56', '2025-10-26 10:32:56'),
(38, 'DH1761474995974771', 1, 7000.00, 'cho_xac_nhan', 'vnpay', 0, 'h', 'anh yeu em cuc cuc', '0909090909', 'g', '2025-10-26 10:36:35', '2025-10-26 10:36:35'),
(39, 'DH1761475315956784', 1, 18000.00, 'cho_xac_nhan', 'vnpay', 0, 'sda', 'anh yeu em cuc cuc', '0909090909', 'ád', '2025-10-26 10:41:55', '2025-10-26 10:41:55'),
(40, 'DH1761475958858493', 1, 7000.00, 'cho_xac_nhan', 'vnpay', 0, 'bf', 'anh yeu em cuc cuc', '0909090909', 'fgf', '2025-10-26 10:52:38', '2025-10-26 10:52:38'),
(41, 'DH1761552521374458', 2, 18000.00, 'cho_xac_nhan', 'bank_transfer', 0, 'sdasd', 'anh yeu em cuc cucsd', '0909090909', 'asd', '2025-10-27 08:08:41', '2025-10-27 08:09:45'),
(42, 'DH1761553373857708', 2, 14000.00, 'cho_xac_nhan', 'bank_transfer', 0, 'ds', 'anh yeu em cuc cucsd', '0909090909', 'sd', '2025-10-27 08:22:53', '2025-10-27 08:24:15'),
(43, 'DH1761553468062339', 2, 64500.00, 'cho_xac_nhan', 'bank_transfer', 0, 'ád', 'anh yeu em cuc cucsd', '0909090909', 'ád', '2025-10-27 08:24:28', '2025-10-27 08:25:30'),
(44, 'DH1761555937552322', 2, 7000.00, 'cho_xac_nhan', 'bank_transfer', 0, 'dsd', 'anh yeu em cuc cucsd', '0909090909', 'sdsd', '2025-10-27 09:05:37', '2025-10-27 09:05:37'),
(45, 'DH1761556026449882', 2, 15000.00, 'cho_xac_nhan', 'bank_transfer', 0, 'jn', 'anh yeu em cuc cucsd', '0909090909', 'h', '2025-10-27 09:07:06', '2025-10-27 09:07:06'),
(46, 'DH1761556189788853', 2, 3000.00, 'cho_xac_nhan', 'bank_transfer', 0, 'f', 'anh yeu em cuc cucsd', '0909090909', 'f', '2025-10-27 09:09:49', '2025-10-27 09:14:55'),
(47, 'DH1761557011114528', 2, 64500.00, 'da_xac_nhan', 'bank_transfer', 1, 'zx', 'anh yeu em cuc cucsd', '0909090909', 'cxz', '2025-10-27 09:23:31', '2025-10-27 09:23:32'),
(48, 'DH1761557035428780', 2, 37104.00, 'da_xac_nhan', 'bank_transfer', 1, 'g', 'anh yeu em cuc cucsd', '0909090909', 'df', '2025-10-27 09:23:55', '2025-10-27 09:23:56'),
(49, 'DH1761557074541835', 2, 54000.00, 'da_xac_nhan', 'bank_transfer', 1, 'as', 'anh yeu em cuc cucsd', '0909090909', 'asd', '2025-10-27 09:24:34', '2025-10-27 09:24:37'),
(50, 'DH1761557159066257', 2, 18000.00, 'da_xac_nhan', 'bank_transfer', 1, 'ád', 'anh yeu em cuc cucsd', '0909090909', 'ádasd', '2025-10-27 09:25:59', '2025-10-27 09:26:00'),
(51, 'DH1761557200155622', 2, 7000.00, 'da_xac_nhan', 'bank_transfer', 1, 'ádas', 'anh yeu em cuc cucsd', '0909090909', 'ádasd', '2025-10-27 09:26:40', '2025-10-27 09:26:41'),
(52, 'DH1761557318118642', 2, 64500.00, 'cho_xac_nhan', 'bank_transfer', 0, 'ád', 'anh yeu em cuc cucsd', '0909090909', 'ád', '2025-10-27 09:28:38', '2025-10-27 09:33:40'),
(53, 'DH1761557369543305', 2, 18000.00, 'cho_xac_nhan', 'bank_transfer', 0, 'ádas', 'anh yeu em cuc cucsd', '0909090909', 'đâsd', '2025-10-27 09:29:29', '2025-10-27 09:34:35'),
(54, 'DH176155749298099', 2, 64500.00, 'cho_xac_nhan', 'bank_transfer', 0, 'ád', 'anh yeu em cuc cucsd', '0909090909', 'ád', '2025-10-27 09:31:32', '2025-10-27 09:36:40'),
(55, 'DH1761557646125419', 2, 150197.00, 'cho_xac_nhan', 'bank_transfer', 0, 'df', 'anh yeu em cuc cucsd', '0909090909', 'sdf', '2025-10-27 09:34:06', '2025-10-27 09:34:06'),
(56, 'DH1761557710584712', 2, 18000.00, 'cho_xac_nhan', 'cod', 0, 'f', 'anh yeu em cuc cucsd', '0909090909', 'gf', '2025-10-27 09:35:10', '2025-10-27 09:35:10'),
(57, 'DH1761557722967318', 2, 18000.00, 'cho_xac_nhan', 'bank_transfer', 0, 'yt', 'anh yeu em cuc cucsd', '0909090909', 'ty', '2025-10-27 09:35:22', '2025-10-27 09:35:22'),
(58, 'DH1761557756154912', 2, 18000.00, 'cho_xac_nhan', 'bank_transfer', 0, 'ád', 'anh yeu em cuc cucsd', '0909090909', 'ád', '2025-10-27 09:35:56', '2025-10-27 09:35:56'),
(59, 'DH1761560148217325', 2, 7000.00, 'cho_xac_nhan', 'bank_transfer', 0, 'ds', 'anh yeu em cuc cucsd', '0909090909', 'asd', '2025-10-27 10:15:48', '2025-10-27 10:15:48'),
(60, 'DH1761560230422764', 2, 14000.00, 'cho_xac_nhan', 'bank_transfer', 0, 'as', 'anh yeu em cuc cucsd', '0909090909', 'asd', '2025-10-27 10:17:10', '2025-10-27 10:17:10'),
(61, 'DH1761560707189431', 2, 9000.00, 'cho_xac_nhan', 'bank_transfer', 0, 'sd', 'anh yeu em cuc cucsd', '0909090909', 'sd', '2025-10-27 10:25:07', '2025-10-27 10:25:07'),
(62, 'DH1761561145414435', 2, 7000.00, 'cho_xac_nhan', 'bank_transfer', 0, 'c', 'anh yeu em cuc cucsd', '0909090909', 's', '2025-10-27 10:32:25', '2025-10-27 10:32:25'),
(63, 'DH1761561190066291', 2, 7000.00, 'cho_xac_nhan', 'bank_transfer', 0, 'sd', 'anh yeu em cuc cucsd', '0909090909', NULL, '2025-10-27 10:33:10', '2025-10-27 10:33:10'),
(64, 'DH1761561588655779', 2, 7000.00, 'cho_xac_nhan', 'bank_transfer', 0, 'czxc', 'anh yeu em cuc cucsd', '0909090909', 'zxczx', '2025-10-27 10:39:48', '2025-10-27 10:39:48'),
(65, 'DH1761562236406800', 2, 18000.00, 'cho_xac_nhan', 'bank_transfer', 0, 'dsf', 'anh yeu em cuc cucsd', '0909090909', 'sdf', '2025-10-27 10:50:36', '2025-10-27 10:50:36'),
(66, 'DH1761803371406302', 2, 159848.00, 'cho_xac_nhan', 'bank_transfer', 0, 'vds', 'anh yeu em cuc cucsd', '0909090909', 'dfd', '2025-10-30 05:49:31', '2025-10-30 05:49:31'),
(67, 'DH1761804759464124', 2, 26000.00, 'cho_xac_nhan', 'bank_transfer', 0, 'sdf', 'anh yeu em cuc cucsd', '0909090909', 'dsf', '2025-10-30 06:12:39', '2025-10-30 06:12:39'),
(68, 'DH1761804776163672', 2, 7000.00, 'cho_xac_nhan', 'bank_transfer', 0, 'dsf', 'anh yeu em cuc cucsd', '0909090909', 'sdfsdf', '2025-10-30 06:12:56', '2025-10-30 06:12:56'),
(69, 'DH1761805010611437', 2, 15000.00, 'cho_xac_nhan', 'bank_transfer', 0, 'ds', 'anh yeu em cuc cucsd', '0909090909', 'd', '2025-10-30 06:16:50', '2025-10-30 06:16:50'),
(70, 'DH1761805033555605', 2, 42000.00, 'cho_xac_nhan', 'bank_transfer', 0, 's', 'anh yeu em cuc cucsd', '0909090909', 's', '2025-10-30 06:17:13', '2025-10-30 06:17:13'),
(71, 'DH1761805370189575', 2, 7000.00, 'cho_xac_nhan', 'bank_transfer', 0, 's', 'anh yeu em cuc cucsd', '0909090909', 'asdasd', '2025-10-30 06:22:50', '2025-10-30 06:22:50'),
(72, 'DH1761805388954303', 2, 42000.00, 'cho_xac_nhan', 'bank_transfer', 0, 'fsdf', 'anh yeu em cuc cucsd', '0909090909', 'sdfs', '2025-10-30 06:23:08', '2025-10-30 06:23:08'),
(73, 'DH1761805578141731', 2, 26000.00, 'cho_xac_nhan', 'bank_transfer', 0, 'd', 'anh yeu em cuc cucsd', '0909090909', 'ád', '2025-10-30 06:26:18', '2025-10-30 06:26:18'),
(74, 'DH1761806853587976', 2, 29000.00, 'cho_xac_nhan', 'bank_transfer', 0, 'a', 'anh yeu em cuc cucsd', '0909090909', 'á', '2025-10-30 06:47:33', '2025-10-30 06:47:33'),
(75, 'DH1761807126748524', 2, 18000.00, 'cho_xac_nhan', 'bank_transfer', 0, 's', 'anh yeu em cuc cucsd', '0909090909', 's', '2025-10-30 06:52:06', '2025-10-30 06:52:06'),
(76, 'DH1761807384241350', 2, 7000.00, 'cho_xac_nhan', 'bank_transfer', 0, 'ji', 'anh yeu em cuc cucsd', '0909090909', 'jikjk', '2025-10-30 06:56:24', '2025-10-30 06:56:24'),
(77, 'DH1761808848460581', 2, 42000.00, 'da_xac_nhan', 'bank_transfer', 1, 'ds', 'anh yeu em cuc cucsd', '0909090909', 's', '2025-10-30 07:20:48', '2025-10-30 07:23:56'),
(78, 'DH17618097022900', 2, 42000.00, 'cho_xac_nhan', 'bank_transfer', 0, 's', 'anh yeu em cuc cucsd', '0909090909', 's', '2025-10-30 07:35:02', '2025-10-30 07:35:02'),
(79, 'DH1761810015332689', 2, 7000.00, 'cho_xac_nhan', 'bank_transfer', 0, 's', 'anh yeu em cuc cucsd', '0909090909', 's', '2025-10-30 07:40:15', '2025-10-30 07:40:15'),
(80, 'DH1761978842056841', 2, 7000.00, 'cho_xac_nhan', 'bank_transfer', 0, 'XC', 'anh yeu em cuc cucsd', '0909090909', 'X', '2025-11-01 06:34:02', '2025-11-01 06:34:02'),
(81, 'DH1761979759681349', 2, 7000.00, 'cho_xac_nhan', 'bank_transfer', 0, 'er', 'anh yeu em cuc cucsd', '0909090909', 'e', '2025-11-01 06:49:19', '2025-11-01 06:49:19'),
(82, 'DH1761981660669466', 2, 7000.00, 'cho_xac_nhan', 'bank_transfer', 0, 't', 'anh yeu em cuc cucsd', '0909090909', 'gd', '2025-11-01 07:21:00', '2025-11-01 07:21:00'),
(83, 'DH1761981675375746', 2, 42000.00, 'cho_xac_nhan', 'bank_transfer', 0, '-[', 'anh yeu em cuc cucsd', '0909090909', '=-', '2025-11-01 07:21:15', '2025-11-01 07:21:15'),
(84, 'DH1761981771350175', 2, 18000.00, 'cho_xac_nhan', 'bank_transfer', 0, 'hgf', 'anh yeu em cuc cucsd', '0909090909', 'gh', '2025-11-01 07:22:51', '2025-11-01 07:22:51'),
(85, 'DH1761981808614954', 2, 18000.00, 'cho_xac_nhan', 'bank_transfer', 0, 'c', 'anh yeu em cuc cucsd', '0909090909', 'c', '2025-11-01 07:23:28', '2025-11-01 07:23:28'),
(86, 'DH1761982766274831', 2, 7000.00, 'cho_xac_nhan', 'bank_transfer', 0, 'r', 'anh yeu em cuc cucsd', '0909090909', 'f', '2025-11-01 07:39:26', '2025-11-01 07:39:26'),
(87, 'DH1761983493934808', 2, 7000.00, 'cho_xac_nhan', 'bank_transfer', 0, 'df', 'anh yeu em cuc cucsd', '0909090909', 'd', '2025-11-01 07:51:33', '2025-11-01 07:51:33'),
(88, 'DH1761983968072686', 2, 7000.00, 'cho_xac_nhan', 'bank_transfer', 0, 'fg', 'anh yeu em cuc cucsd', '0909090909', 'fg', '2025-11-01 07:59:28', '2025-11-01 07:59:28'),
(89, 'DH1761984392151445', 2, 15000.00, 'cho_xac_nhan', 'bank_transfer', 0, 's', 'anh yeu em cuc cucsd', '0909090909', 'ádfsdf', '2025-11-01 08:06:32', '2025-11-01 08:06:32'),
(90, 'DH1761984423364129', 2, 7000.00, 'cho_xac_nhan', 'bank_transfer', 0, 'u', 'anh yeu em cuc cucsd', '0909090909', 'u', '2025-11-01 08:07:03', '2025-11-01 08:07:03'),
(91, 'DH1761984657863140', 2, 18000.00, 'cho_xac_nhan', 'bank_transfer', 0, 'sd', 'anh yeu em cuc cucsd', '0909090909', 's', '2025-11-01 08:10:57', '2025-11-01 08:10:57'),
(92, 'DH1761985100437984', 2, 7000.00, 'cho_xac_nhan', 'bank_transfer', 0, 'fefsd', 'anh yeu em cuc cucsd', '0909090909', 'dsfsd', '2025-11-01 08:18:20', '2025-11-01 08:18:20');

-- --------------------------------------------------------

--
-- Cấu trúc bảng cho bảng `giao_dich_ngan_hang`
--

CREATE TABLE `giao_dich_ngan_hang` (
  `id` int(11) NOT NULL,
  `ma_giao_dich` varchar(100) NOT NULL,
  `ma_don_hang` varchar(50) NOT NULL,
  `so_tien` decimal(10,2) NOT NULL,
  `ma_xac_minh` varchar(20) NOT NULL,
  `trang_thai` enum('cho_xac_nhan','da_xac_nhan','bi_tu_choi','het_han') NOT NULL DEFAULT 'cho_xac_nhan',
  `thoi_gian_tao` datetime NOT NULL DEFAULT current_timestamp(),
  `thoi_gian_het_han` datetime NOT NULL,
  `thoi_gian_xac_nhan` datetime DEFAULT NULL,
  `nguoi_xac_nhan` varchar(100) DEFAULT NULL,
  `ly_do_tu_choi` text DEFAULT NULL,
  `noi_dung` text DEFAULT NULL
) ENGINE=InnoDB DEFAULT CHARSET=utf8mb4 COLLATE=utf8mb4_unicode_ci;

--
-- Đang đổ dữ liệu cho bảng `giao_dich_ngan_hang`
--

INSERT INTO `giao_dich_ngan_hang` (`id`, `ma_giao_dich`, `ma_don_hang`, `so_tien`, `ma_xac_minh`, `trang_thai`, `thoi_gian_tao`, `thoi_gian_het_han`, `thoi_gian_xac_nhan`, `nguoi_xac_nhan`, `ly_do_tu_choi`, `noi_dung`) VALUES
(1, 'bank_DH1760932765217759_1760932766621', 'DH1760932765217759', 7000.00, '77590006622', 'het_han', '2025-10-20 03:59:26', '2025-10-20 04:00:26', '2025-10-20 04:00:30', NULL, NULL, 'Thanh toan don hang DH1760932765217759'),
(2, 'bank_DH1760932933348727_1760932933928', 'DH1760932933348727', 7000.00, '87270003928', 'het_han', '2025-10-20 04:02:13', '2025-10-20 04:03:13', '2025-10-20 04:03:15', NULL, NULL, 'Thanh toan don hang DH1760932933348727'),
(3, 'bank_DH1760933668445619_1760933669589', 'DH1760933668445619', 18000.00, '56190009589', 'het_han', '2025-10-20 04:14:29', '2025-10-20 04:15:29', '2025-10-20 04:15:30', NULL, NULL, 'Thanh toan don hang DH1760933668445619'),
(4, 'bank_DH1760933722315222_1760933723076', 'DH1760933722315222', 18000.00, '52220003076', 'het_han', '2025-10-20 04:15:23', '2025-10-20 04:16:23', '2025-10-20 04:16:25', NULL, NULL, 'Thanh toan don hang DH1760933722315222'),
(5, 'bank_DH1761099774541966_1761099775632', 'DH1761099774541966', 118984.00, '19669845632', 'het_han', '2025-10-22 02:22:55', '2025-10-22 02:23:55', '2025-10-22 02:24:00', NULL, NULL, 'Thanh toan don hang DH1761099774541966'),
(6, 'bank_DH1761102342981959_1761102343771', 'DH1761102342981959', 18000.00, '19590003772', 'het_han', '2025-10-22 03:05:43', '2025-10-22 03:06:43', '2025-10-22 03:06:45', NULL, NULL, 'Thanh toan don hang DH1761102342981959'),
(7, 'bank_DH1761116262244813_1761116263176', 'DH1761116262244813', 15000.00, '48130003176', 'het_han', '2025-10-22 06:57:43', '2025-10-22 06:58:43', '2025-10-22 06:58:45', NULL, NULL, 'Thanh toan don hang DH1761116262244813'),
(8, 'bank_DH1761275587219661_1761275588135', 'DH1761275587219661', 14000.00, '96610008136', 'het_han', '2025-10-24 03:13:08', '2025-10-24 03:14:08', '2025-10-24 03:14:10', NULL, NULL, 'Thanh toan don hang DH1761275587219661'),
(9, 'bank_DH1761377660061377_1761377661283', 'DH1761377660061377', 7000.00, '13770001283', 'het_han', '2025-10-25 07:34:21', '2025-10-25 07:35:21', '2025-10-25 07:35:25', NULL, NULL, 'Thanh toan don hang DH1761377660061377'),
(10, 'bank_DH1761378902939128_1761378904063', 'DH1761378902939128', 7000.00, '91280004063', 'het_han', '2025-10-25 07:55:04', '2025-10-25 07:56:04', '2025-10-25 07:56:05', NULL, NULL, 'Thanh toan don hang DH1761378902939128'),
(11, 'bank_DH1761378929238135_1761378929995', 'DH1761378929238135', 7000.00, '81350009995', 'het_han', '2025-10-25 07:55:29', '2025-10-25 07:56:29', '2025-10-25 07:56:30', NULL, NULL, 'Thanh toan don hang DH1761378929238135'),
(12, 'bank_DH176147021714243_1761470217955', 'DH176147021714243', 7000.00, '42430007955', 'het_han', '2025-10-26 09:16:57', '2025-10-26 09:17:57', '2025-10-26 09:18:00', NULL, NULL, 'Thanh toan don hang DH176147021714243'),
(13, 'bank_DH1761552521374458_1761552522305', 'DH1761552521374458', 18000.00, '44580002305', 'het_han', '2025-10-27 08:08:42', '2025-10-27 08:09:42', '2025-10-27 08:09:45', NULL, NULL, 'Thanh toan don hang DH1761552521374458'),
(14, 'bank_DH1761553373857708_1761553374828', 'DH1761553373857708', 14000.00, '77080004828', 'het_han', '2025-10-27 08:22:54', '2025-10-27 08:23:54', '2025-10-27 08:23:55', NULL, NULL, 'Thanh toan don hang DH1761553373857708'),
(15, 'bank_DH1761553468062339_1761553468927', 'DH1761553468062339', 64500.00, '23395008927', 'het_han', '2025-10-27 08:24:28', '2025-10-27 08:25:28', '2025-10-27 08:25:30', NULL, NULL, 'Thanh toan don hang DH1761553468062339'),
(16, 'bank_DH1761555937552322_1761555938478', 'DH1761555937552322', 7000.00, '23220007647', 'het_han', '2025-10-27 09:05:38', '2025-10-27 09:10:38', NULL, NULL, NULL, 'Thanh toan don hang DH1761555937552322 | Ma: 23220007647'),
(17, 'bank_DH1761556026449882_1761556027258', 'DH1761556026449882', 15000.00, '98820006499', 'het_han', '2025-10-27 09:07:07', '2025-10-27 09:12:07', NULL, NULL, NULL, 'Thanh toan don hang DH1761556026449882 | Ma: 98820006499'),
(18, 'bank_DH1761556189788853_1761556190714', 'DH1761556189788853', 3000.00, '88530009849', 'het_han', '2025-10-27 09:09:50', '2025-10-27 09:14:50', '2025-10-27 09:14:55', NULL, NULL, 'Thanh toan don hang DH1761556189788853 | Ma: 88530009849'),
(19, 'bank_DH1761557011114528_1761557011978', 'DH1761557011114528', 64500.00, '45285001187', 'da_xac_nhan', '2025-10-27 09:23:31', '2025-10-27 09:28:31', '2025-10-27 09:23:32', 'VERIFIED_REAL_SMS_BANKING', NULL, 'Thanh toan don hang DH1761557011114528 | Ma: 45285001187'),
(20, 'bank_DH1761557035428780_1761557036291', 'DH1761557035428780', 37104.00, '87801045464', 'da_xac_nhan', '2025-10-27 09:23:56', '2025-10-27 09:28:56', '2025-10-27 09:23:56', 'VERIFIED_REAL_SMS_BANKING', NULL, 'Thanh toan don hang DH1761557035428780 | Ma: 87801045464'),
(21, 'bank_DH1761557074541835_1761557076899', 'DH1761557074541835', 54000.00, '18350004591', 'da_xac_nhan', '2025-10-27 09:24:36', '2025-10-27 09:29:36', '2025-10-27 09:24:37', 'VERIFIED_REAL_SMS_BANKING', NULL, 'Thanh toan don hang DH1761557074541835 | Ma: 18350004591'),
(22, 'bank_DH1761557159066257_1761557159856', 'DH1761557159066257', 18000.00, '62570009118', 'da_xac_nhan', '2025-10-27 09:25:59', '2025-10-27 09:30:59', '2025-10-27 09:26:00', 'REAL_REAL_SMS_BANKING', NULL, 'Thanh toan don hang DH1761557159066257 | Ma: 62570009118'),
(23, 'bank_DH1761557200155622_1761557200972', 'DH1761557200155622', 7000.00, '56220000194', 'da_xac_nhan', '2025-10-27 09:26:40', '2025-10-27 09:31:40', '2025-10-27 09:26:41', 'VERIFIED_REAL_SMS_BANKING', NULL, 'Thanh toan don hang DH1761557200155622 | Ma: 56220000194'),
(24, 'bank_DH1761557318118642_1761557318954', 'DH1761557318118642', 64500.00, '86425008166', 'het_han', '2025-10-27 09:28:38', '2025-10-27 09:33:38', '2025-10-27 09:33:40', NULL, NULL, 'Thanh toan don hang DH1761557318118642 | Ma: 86425008166'),
(25, 'bank_DH1761557369543305_1761557370373', 'DH1761557369543305', 18000.00, '33050009586', 'het_han', '2025-10-27 09:29:30', '2025-10-27 09:34:30', '2025-10-27 09:34:35', NULL, NULL, 'Thanh toan don hang DH1761557369543305 | Ma: 33050009586'),
(26, 'bank_DH176155749298099_1761557495245', 'DH176155749298099', 64500.00, '80995003018', 'het_han', '2025-10-27 09:31:35', '2025-10-27 09:36:35', '2025-10-27 09:36:40', NULL, NULL, 'Thanh toan don hang DH176155749298099 | Ma: 80995003018'),
(27, 'bank_DH1761557646125419_1761557646839', 'DH1761557646125419', 150197.00, '54191976179', 'cho_xac_nhan', '2025-10-27 09:34:06', '2025-10-27 09:39:06', NULL, NULL, NULL, 'Thanh toan don hang DH1761557646125419 | Ma: 54191976179'),
(28, 'bank_DH1761557722967318_1761557723711', 'DH1761557722967318', 18000.00, '73180003010', 'cho_xac_nhan', '2025-10-27 09:35:23', '2025-10-27 09:40:23', NULL, NULL, NULL, 'Thanh toan don hang DH1761557722967318 | Ma: 73180003010'),
(29, 'bank_DH1761557756154912_1761557756902', 'DH1761557756154912', 18000.00, '49120006193', 'cho_xac_nhan', '2025-10-27 09:35:56', '2025-10-27 09:40:56', NULL, NULL, NULL, 'Thanh toan don hang DH1761557756154912 | Ma: 49120006193'),
(30, 'bank_DH1761560148217325_1761560148335', 'DH1761560148217325', 7000.00, '73250008278', 'het_han', '2025-10-27 10:15:48', '2025-10-27 10:20:48', '2025-10-27 10:20:50', NULL, NULL, 'Thanh toan don hang DH1761560148217325 | Ma: 73250008278'),
(31, 'bank_DH1761560230422764_1761560230477', 'DH1761560230422764', 14000.00, '27640000459', 'het_han', '2025-10-27 10:17:10', '2025-10-27 10:22:10', '2025-10-27 10:22:15', NULL, NULL, 'Thanh toan don hang DH1761560230422764 | Ma: 27640000459'),
(32, 'bank_DH1761560707189431_1761560707243', 'DH1761560707189431', 9000.00, '94310007243', 'het_han', '2025-10-27 10:25:07', '2025-10-27 10:30:07', '2025-10-27 10:30:10', NULL, NULL, 'TT DH1761560707189431 CODE 94310007243'),
(33, 'bank_DH1761561145414435_1761561145469', 'DH1761561145414435', 7000.00, '44350005469', 'het_han', '2025-10-27 10:32:25', '2025-10-27 10:37:25', '2025-10-27 10:37:30', NULL, NULL, 'TT DH1761561145414435 CODE 44350005469'),
(34, 'bank_DH1761561190066291_1761561190121', 'DH1761561190066291', 7000.00, '62910000121', 'het_han', '2025-10-27 10:33:10', '2025-10-27 10:38:10', '2025-10-27 10:38:15', NULL, NULL, 'TT DH1761561190066291 CODE 62910000121'),
(35, 'bank_DH1761561588655779_1761561588703', 'DH1761561588655779', 7000.00, '57790008703', 'het_han', '2025-10-27 10:39:48', '2025-10-27 10:44:48', '2025-10-27 10:44:50', NULL, NULL, 'TT DH1761561588655779 CODE 57790008703'),
(36, 'bank_DH1761562236406800_1761562236474', 'DH1761562236406800', 18000.00, '68000006474', 'het_han', '2025-10-27 10:50:36', '2025-10-27 10:55:36', '2025-10-27 10:55:40', NULL, NULL, 'TT DH1761562236406800 CODE 68000006474'),
(37, 'bank_DH1761803371406302_1761803371532', 'DH1761803371406302', 159848.00, '63028481532', 'het_han', '2025-10-30 05:49:31', '2025-10-30 05:54:31', '2025-10-30 05:54:35', NULL, NULL, 'TT DH1761803371406302 CODE 63028481532'),
(38, 'bank_DH1761804759464124_1761804759518', 'DH1761804759464124', 26000.00, '41240009518', 'cho_xac_nhan', '2025-10-30 06:12:39', '2025-10-30 06:17:39', NULL, NULL, NULL, 'TT DH1761804759464124 CODE 41240009518'),
(39, 'bank_DH1761804776163672_1761804776222', 'DH1761804776163672', 7000.00, '36720006222', 'cho_xac_nhan', '2025-10-30 06:12:56', '2025-10-30 06:17:56', NULL, NULL, NULL, 'TT DH1761804776163672 CODE 36720006222'),
(40, 'bank_DH1761805010611437_1761805010651', 'DH1761805010611437', 15000.00, '14370000651', 'cho_xac_nhan', '2025-10-30 06:16:50', '2025-10-30 06:21:50', NULL, NULL, NULL, 'TT DH1761805010611437 CODE 14370000651'),
(41, 'bank_DH1761805033555605_1761805033600', 'DH1761805033555605', 42000.00, '56050003600', 'het_han', '2025-10-30 06:17:13', '2025-10-30 06:22:13', '2025-10-30 06:22:15', NULL, NULL, 'TT DH1761805033555605 CODE 56050003600'),
(42, 'bank_DH1761805370189575_1761805370244', 'DH1761805370189575', 7000.00, '95750000244', 'cho_xac_nhan', '2025-10-30 06:22:50', '2025-10-30 06:27:50', NULL, NULL, NULL, 'TT DH1761805370189575 CODE 95750000244'),
(43, 'bank_DH1761805388954303_1761805388997', 'DH1761805388954303', 42000.00, '43030008997', 'cho_xac_nhan', '2025-10-30 06:23:08', '2025-10-30 06:28:08', NULL, NULL, NULL, 'TT DH1761805388954303 CODE 43030008997'),
(45, 'bank_DH17618071_1761807126787', 'DH1761807126748524', 18000.00, '80710006787', 'het_han', '2025-10-30 06:52:06', '2025-10-30 06:57:06', '2025-10-30 06:57:10', NULL, NULL, 'TT DH17618071 CODE 80710006787'),
(46, 'bank_DH17618073_1761807384283', 'DH1761807384241350', 7000.00, '80730004283', 'het_han', '2025-10-30 06:56:24', '2025-10-30 07:01:24', '2025-10-30 07:01:25', NULL, NULL, 'TT DH17618073 CODE 80730004283'),
(47, 'bank_DH17618088_1761808848540', 'DH1761808848460581', 42000.00, '80880008539', 'da_xac_nhan', '2025-10-30 07:20:48', '2025-10-30 07:25:48', '2025-10-30 07:23:56', 'BANK_WEBHOOK_AUTO', NULL, 'TT DH17618088 CODE 80880008539'),
(48, 'bank_DH17618097_1761809702342', 'DH17618097022900', 42000.00, '80970002342', 'cho_xac_nhan', '2025-10-30 07:35:02', '2025-10-30 07:40:02', NULL, NULL, NULL, 'TT DH17618097 CODE 80970002342'),
(49, 'bank_DH17618100_1761810015386', 'DH1761810015332689', 7000.00, '81000005385', 'het_han', '2025-10-30 07:40:15', '2025-10-30 07:45:15', '2025-10-30 07:45:20', NULL, NULL, 'TT DH17618100 CODE 81000005385'),
(50, 'bank_DH17619788_1761978842192', 'DH1761978842056841', 7000.00, '97880002190', 'het_han', '2025-11-01 06:34:02', '2025-11-01 06:39:02', '2025-11-01 06:39:05', NULL, NULL, 'TT DH17619788 CODE 97880002190'),
(51, 'bank_DH17619797_1761979759742', 'DH1761979759681349', 7000.00, '97970009741', 'het_han', '2025-11-01 06:49:19', '2025-11-01 06:54:19', '2025-11-01 06:54:20', NULL, NULL, 'TT DH17619797 CODE 97970009741'),
(52, 'bank_DH17619827_1761982766343', 'DH1761982766274831', 7000.00, '98270006343', 'het_han', '2025-11-01 07:39:26', '2025-11-01 07:44:26', '2025-11-01 07:44:30', NULL, NULL, 'TT DH17619827 CODE 98270006343'),
(53, 'bank_DH1761983493934808_1761983494014', 'DH1761983493934808', 7000.00, '80800094013', 'het_han', '2025-11-01 07:51:34', '2025-11-01 07:56:34', '2025-11-01 07:56:35', NULL, NULL, 'TT DH1761983493934808 CODE 80800094013'),
(54, 'bank_DH1761983968072686_1761983968154', 'DH1761983968072686', 7000.00, '68600068152', 'het_han', '2025-11-01 07:59:28', '2025-11-01 08:04:28', '2025-11-01 08:04:30', NULL, NULL, 'TT DH1761983968072686 CODE 68600068152'),
(55, 'bank_DH1761984657863140_1761984657937', 'DH1761984657863140', 18000.00, '84657936754', 'het_han', '2025-11-01 08:10:57', '2025-11-01 08:15:57', '2025-11-01 08:16:00', NULL, NULL, 'TT DH1761984657863140 CODE 84657936754'),
(56, 'bank_DH1761985100437984_1761985100518', 'DH1761985100437984', 7000.00, 'DH1761985100437984', 'het_han', '2025-11-01 08:18:20', '2025-11-01 08:23:20', '2025-11-01 08:23:25', NULL, NULL, 'DH1761985100437984 - 7000d');

-- --------------------------------------------------------

--
-- Cấu trúc bảng cho bảng `gio_hang`
--

CREATE TABLE `gio_hang` (
  `id` int(11) NOT NULL,
  `id_khach_hang` int(11) NOT NULL,
  `id_san_pham` int(11) NOT NULL,
  `so_luong` int(11) NOT NULL,
  `ngay_them` datetime NOT NULL DEFAULT current_timestamp()
) ENGINE=InnoDB DEFAULT CHARSET=utf8mb4 COLLATE=utf8mb4_unicode_ci;

--
-- Đang đổ dữ liệu cho bảng `gio_hang`
--

INSERT INTO `gio_hang` (`id`, `id_khach_hang`, `id_san_pham`, `so_luong`, `ngay_them`) VALUES
(93, 2, 35, 1, '2025-11-03 07:42:39');

-- --------------------------------------------------------

--
-- Cấu trúc bảng cho bảng `hoa_don_ban`
--

CREATE TABLE `hoa_don_ban` (
  `id` int(11) NOT NULL,
  `id_nhan_vien` int(11) DEFAULT NULL,
  `ngay_ban` datetime DEFAULT current_timestamp(),
  `tong_tien` decimal(10,2) DEFAULT NULL
) ENGINE=InnoDB DEFAULT CHARSET=utf8mb4 COLLATE=utf8mb4_unicode_ci;

--
-- Đang đổ dữ liệu cho bảng `hoa_don_ban`
--

INSERT INTO `hoa_don_ban` (`id`, `id_nhan_vien`, `ngay_ban`, `tong_tien`) VALUES
(1, 24, '2025-07-28 21:36:23', 282544.00),
(2, 48, '2025-07-01 12:27:13', 3006636.00),
(3, 26, '2025-07-07 05:46:33', 1906816.00),
(4, 26, '2025-07-23 05:59:44', 642325.00),
(5, 46, '2025-07-03 00:20:52', 141909.00),
(6, 48, '2025-07-22 23:16:39', 316904.00),
(7, 33, '2025-07-02 08:36:16', 658122.00),
(8, 16, '2025-08-05 00:21:01', 341556.00),
(9, 39, '2025-07-25 09:56:36', 1527270.00),
(10, 16, '2025-08-07 11:16:55', 1383330.00),
(11, 36, '2025-07-16 16:28:38', 1269616.00),
(12, 44, '2025-07-15 18:29:54', 1003009.00),
(13, 47, '2025-08-03 05:46:12', 1092806.00),
(14, 41, '2025-07-09 09:09:57', 248665.00),
(15, 40, '2025-07-11 15:33:31', 1282608.00),
(16, 39, '2025-07-29 23:04:00', 2018263.00),
(17, 41, '2025-07-26 08:11:05', 230000.00),
(18, 41, '2025-07-03 23:09:40', 399066.00),
(19, 41, '2025-07-23 17:58:46', 1060669.00),
(20, 12, '2025-07-13 17:56:04', 641280.00),
(21, 41, '2025-08-02 05:53:26', 453240.00),
(22, 46, '2025-08-02 01:34:16', 50000.00),
(23, 41, '2025-07-11 02:00:00', 1146400.00),
(24, 46, '2025-07-27 22:31:48', 2869200.00),
(25, 40, '2025-07-02 16:57:33', 321824.00),
(26, 47, '2025-07-04 10:07:27', 523435.00),
(27, 24, '2025-07-22 09:14:04', 2657612.00),
(28, 48, '2025-07-11 15:55:45', 744597.00),
(29, 33, '2025-07-05 17:46:45', 1202312.00),
(30, 17, '2025-08-06 10:39:22', 2032352.00),
(31, 44, '2025-07-02 05:28:07', 2637720.00),
(32, 36, '2025-07-19 01:57:54', 536007.00),
(33, 44, '2025-07-15 09:54:33', 2635760.00),
(34, 41, '2025-07-03 15:57:20', 1899523.00),
(35, 33, '2025-08-02 01:01:57', 1253744.00),
(36, 39, '2025-07-25 04:11:49', 917600.00),
(37, 4, '2025-08-05 15:55:39', 1636326.00),
(38, 46, '2025-07-11 22:17:49', 2150472.00),
(39, 47, '2025-07-05 10:13:15', 1259000.00),
(40, 24, '2025-07-04 03:19:39', 345429.00),
(41, 39, '2025-07-28 21:33:01', 1848621.00),
(42, 46, '2025-08-02 16:26:49', 3166533.00),
(43, 47, '2025-07-18 06:02:00', 817388.00),
(44, 2, '2025-07-05 14:20:09', 579000.00),
(45, 39, '2025-07-04 08:23:44', 1025302.00),
(46, 2, '2025-07-27 00:45:13', 1117360.00),
(47, 48, '2025-07-08 23:56:04', 3610178.00),
(48, 47, '2025-07-14 02:43:53', 1205285.00),
(49, 24, '2025-07-23 17:13:55', 2296822.00),
(50, 16, '2025-08-04 22:04:33', 3290570.00);

-- --------------------------------------------------------

--
-- Cấu trúc bảng cho bảng `khach_hang`
--

CREATE TABLE `khach_hang` (
  `id` int(11) NOT NULL,
  `email` varchar(100) NOT NULL,
  `mat_khau` varchar(255) NOT NULL,
  `ho_ten` varchar(100) NOT NULL,
  `so_dien_thoai` varchar(15) DEFAULT NULL,
  `ngay_tao` datetime NOT NULL DEFAULT current_timestamp(),
  `trang_thai` tinyint(1) NOT NULL DEFAULT 1
) ENGINE=InnoDB DEFAULT CHARSET=utf8mb4 COLLATE=utf8mb4_unicode_ci;

--
-- Đang đổ dữ liệu cho bảng `khach_hang`
--

INSERT INTO `khach_hang` (`id`, `email`, `mat_khau`, `ho_ten`, `so_dien_thoai`, `ngay_tao`, `trang_thai`) VALUES
(1, '1@gm.com', '$2b$10$GUWaENFVZepJ3CSIJoU5oO.jG6Nz.ogWYyqNLi4aB5s0xdmd0kmP6', 'anh yeu em cuc cuc', '0909090909', '2025-10-20 03:57:58', 1),
(2, '12@gm.com', '$2b$10$.nVwIniItZpsPUFvL7ABZuboT6ngFEggHwq8LeOCuSEBIMGmB2aK6', 'anh yeu em cuc cucsd', '0909090909', '2025-10-27 08:08:14', 1);

-- --------------------------------------------------------

--
-- Cấu trúc bảng cho bảng `nhan_vien`
--

CREATE TABLE `nhan_vien` (
  `id` int(11) NOT NULL,
  `ho_ten` varchar(100) NOT NULL,
  `tai_khoan` varchar(50) NOT NULL,
  `mat_khau` varchar(100) NOT NULL,
  `vai_tro` enum('quan_ly','thu_ngan','nhan_vien_kho') NOT NULL DEFAULT 'quan_ly',
  `trang_thai` enum('Đang làm','Đã nghỉ') NOT NULL DEFAULT 'Đang làm',
  `so_dien_thoai` varchar(15) DEFAULT NULL,
  `dia_chi` text DEFAULT NULL,
  `email` varchar(191) DEFAULT NULL,
  `ngay_sinh` date DEFAULT NULL,
  `ngay_vao_lam` date DEFAULT NULL
) ENGINE=InnoDB DEFAULT CHARSET=utf8mb4 COLLATE=utf8mb4_unicode_ci;

--
-- Đang đổ dữ liệu cho bảng `nhan_vien`
--

INSERT INTO `nhan_vien` (`id`, `ho_ten`, `tai_khoan`, `mat_khau`, `vai_tro`, `trang_thai`, `so_dien_thoai`, `dia_chi`, `email`, `ngay_sinh`, `ngay_vao_lam`) VALUES
(1, 'Quản Lý Chính', 'admin', '$2b$10$qBk7DLqfy0BqJv2NBxILY.d0yQw2OonNBQBmMbU3ez232klwWhFh.', 'quan_ly', 'Đang làm', '0987654321', NULL, 'admin@example.com', NULL, NULL),
(2, 'Trần Thu Ngân', 'thungan', '$2b$10$qBk7DLqfy0BqJv2NBxILY.d0yQw2OonNBQBmMbU3ez232klwWhFh.', 'thu_ngan', 'Đang làm', '0912345679', NULL, 'thungan@example.com', NULL, NULL),
(3, 'Lê Khoa Học', 'nhanvienkho', '$2b$10$qBk7DLqfy0BqJv2NBxILY.d0yQw2OonNBQBmMbU3ez232klwWhFh.', 'nhan_vien_kho', 'Đang làm', '0912345680', NULL, 'nhanvienkho@example.com', NULL, NULL),
(4, 'Tạ Lan Anh 4', 'nv4', '$2b$10$qBk7DLqfy0BqJv2NBxILY.d0yQw2OonNBQBmMbU3ez232klwWhFh.', 'thu_ngan', 'Đang làm', '09789947299', '60 Đường d, Đà Nẵng', 'nv4@example.com', '1987-03-31', '2021-07-24'),
(5, 'Trần Thu Hằng 5', 'nv5', '$2b$10$qBk7DLqfy0BqJv2NBxILY.d0yQw2OonNBQBmMbU3ez232klwWhFh.', 'quan_ly', 'Đang làm', '09645231512', '55 Đường e, Hà Nội', 'nv5@example.com', '1990-10-25', '2024-06-09'),
(6, 'Hoàng Thúy Nga 6', 'nv6', '$2b$10$qBk7DLqfy0BqJv2NBxILY.d0yQw2OonNBQBmMbU3ez232klwWhFh.', 'thu_ngan', 'Đang làm', '09748935587', '58 Đường f, TP.HCM', 'nv6@example.com', '1984-07-02', '2023-04-10'),
(7, 'Hoàng Thúy Nga 7', 'nv7', '$2b$10$qBk7DLqfy0BqJv2NBxILY.d0yQw2OonNBQBmMbU3ez232klwWhFh.', 'quan_ly', 'Đang làm', '09713466877', '31 Đường g, Hải Phòng', 'nv7@example.com', '1986-11-23', '2022-04-17'),
(8, 'Trần Thu Hằng 8', 'nv8', '$2b$10$qBk7DLqfy0BqJv2NBxILY.d0yQw2OonNBQBmMbU3ez232klwWhFh.', 'nhan_vien_kho', 'Đã nghỉ', '09649268698', '29 Đường h, Hải Phòng', 'nv8@example.com', '1983-05-01', '2023-10-09'),
(9, 'Hoàng Thúy Nga 9', 'nv9', '$2b$10$qBk7DLqfy0BqJv2NBxILY.d0yQw2OonNBQBmMbU3ez232klwWhFh.', 'quan_ly', 'Đang làm', '09505443206', '74 Đường i, Đà Nẵng', 'nv9@example.com', '1995-04-06', '2020-04-23'),
(10, 'Tạ Lan Anh 10', 'nv10', '$2b$10$qBk7DLqfy0BqJv2NBxILY.d0yQw2OonNBQBmMbU3ez232klwWhFh.', 'quan_ly', 'Đang làm', '09212803913', '98 Đường j, Hà Nội', 'nv10@example.com', '1981-04-21', '2023-06-01'),
(11, 'Đặng Quang Huy 11', 'nv11', '$2b$10$qBk7DLqfy0BqJv2NBxILY.d0yQw2OonNBQBmMbU3ez232klwWhFh.', 'nhan_vien_kho', 'Đang làm', '09367893205', '27 Đường k, Đà Nẵng', 'nv11@example.com', '1983-04-20', '2022-08-17'),
(12, 'Phạm Hải Yến 12', 'nv12', '$2b$10$qBk7DLqfy0BqJv2NBxILY.d0yQw2OonNBQBmMbU3ez232klwWhFh.', 'thu_ngan', 'Đang làm', '09615956144', '71 Đường l, Hải Phòng', 'nv12@example.com', '1984-04-14', '2023-05-29'),
(13, 'Phạm Hải Yến 13', 'nv13', '$2b$10$qBk7DLqfy0BqJv2NBxILY.d0yQw2OonNBQBmMbU3ez232klwWhFh.', 'nhan_vien_kho', 'Đang làm', '09375322524', '32 Đường m, Cần Thơ', 'nv13@example.com', '1982-02-27', '2025-10-16'),
(14, 'Ngô Đức Minh 14', 'nv14', '$2b$10$qBk7DLqfy0BqJv2NBxILY.d0yQw2OonNBQBmMbU3ez232klwWhFh.', 'quan_ly', 'Đang làm', '09148196943', '98 Đường n, Hà Nội', 'nv14@example.com', '1996-02-03', '2025-09-17'),
(15, 'Ngô Đức Minh 15', 'nv15', '$2b$10$qBk7DLqfy0BqJv2NBxILY.d0yQw2OonNBQBmMbU3ez232klwWhFh.', 'quan_ly', 'Đang làm', '09155931289', '56 Đường o, Hải Phòng', 'nv15@example.com', '1982-09-24', '2021-06-21'),
(16, 'Ngô Đức Minh 16', 'nv16', '$2b$10$qBk7DLqfy0BqJv2NBxILY.d0yQw2OonNBQBmMbU3ez232klwWhFh.', 'thu_ngan', 'Đang làm', '09820712449', '6 Đường p, Cần Thơ', 'nv16@example.com', '1997-06-15', '2020-11-07'),
(17, 'Phạm Hải Yến 17', 'nv17', '$2b$10$qBk7DLqfy0BqJv2NBxILY.d0yQw2OonNBQBmMbU3ez232klwWhFh.', 'thu_ngan', 'Đang làm', '09477938172', '56 Đường q, Đà Nẵng', 'nv17@example.com', '1992-05-04', '2023-08-02'),
(18, 'Phạm Hải Yến 18', 'nv18', '$2b$10$qBk7DLqfy0BqJv2NBxILY.d0yQw2OonNBQBmMbU3ez232klwWhFh.', 'nhan_vien_kho', 'Đang làm', '09947085027', '42 Đường r, TP.HCM', 'nv18@example.com', '1993-08-17', '2025-02-21'),
(19, 'Lê Văn Thành 19', 'nv19', '$2b$10$qBk7DLqfy0BqJv2NBxILY.d0yQw2OonNBQBmMbU3ez232klwWhFh.', 'quan_ly', 'Đang làm', '09294619713', '15 Đường s, Đà Nẵng', 'nv19@example.com', '1982-06-15', '2022-01-03'),
(20, 'Lê Văn Thành 20', 'nv20', '$2b$10$qBk7DLqfy0BqJv2NBxILY.d0yQw2OonNBQBmMbU3ez232klwWhFh.', 'quan_ly', 'Đã nghỉ', '09343876349', '80 Đường t, TP.HCM', 'nv20@example.com', '1995-07-23', '2024-05-01'),
(21, 'Tạ Lan Anh 21', 'nv21', '$2b$10$qBk7DLqfy0BqJv2NBxILY.d0yQw2OonNBQBmMbU3ez232klwWhFh.', 'nhan_vien_kho', 'Đang làm', '09804417517', '79 Đường u, Hải Phòng', 'nv21@example.com', '1985-02-18', '2022-09-23'),
(22, 'Trần Thu Hằng 22', 'nv22', '$2b$10$qBk7DLqfy0BqJv2NBxILY.d0yQw2OonNBQBmMbU3ez232klwWhFh.', 'quan_ly', 'Đang làm', '09927758717', '72 Đường v, Cần Thơ', 'nv22@example.com', '1991-08-24', '2020-08-15'),
(23, 'Lê Văn Thành 23', 'nv23', '$2b$10$qBk7DLqfy0BqJv2NBxILY.d0yQw2OonNBQBmMbU3ez232klwWhFh.', 'nhan_vien_kho', 'Đang làm', '09786300041', '55 Đường w, TP.HCM', 'nv23@example.com', '1994-06-05', '2021-02-07'),
(24, 'Vũ Hoàng Long 24', 'nv24', '$2b$10$qBk7DLqfy0BqJv2NBxILY.d0yQw2OonNBQBmMbU3ez232klwWhFh.', 'thu_ngan', 'Đang làm', '09548515848', '93 Đường x, Đà Nẵng', 'nv24@example.com', '1993-06-01', '2020-11-30'),
(25, 'Đặng Quang Huy 25', 'nv25', '$2b$10$qBk7DLqfy0BqJv2NBxILY.d0yQw2OonNBQBmMbU3ez232klwWhFh.', 'quan_ly', 'Đang làm', '09252768686', '36 Đường y, Cần Thơ', 'nv25@example.com', '1993-05-07', '2022-05-26'),
(26, 'Đặng Quang Huy 26', 'nv26', '$2b$10$qBk7DLqfy0BqJv2NBxILY.d0yQw2OonNBQBmMbU3ez232klwWhFh.', 'thu_ngan', 'Đang làm', '09404770376', '78 Đường z, Hải Phòng', 'nv26@example.com', '1992-03-18', '2020-07-10'),
(27, 'Bùi Duy Nam 27', 'nv27', '$2b$10$qBk7DLqfy0BqJv2NBxILY.d0yQw2OonNBQBmMbU3ez232klwWhFh.', 'quan_ly', 'Đang làm', '09145686102', '28 Đường {, Cần Thơ', 'nv27@example.com', '1995-07-02', '2025-04-05'),
(28, 'Tạ Lan Anh 28', 'nv28', '$2b$10$qBk7DLqfy0BqJv2NBxILY.d0yQw2OonNBQBmMbU3ez232klwWhFh.', 'nhan_vien_kho', 'Đang làm', '09754455845', '17 Đường |, Hà Nội', 'nv28@example.com', '1982-08-12', '2020-08-09'),
(29, 'Nguyễn Minh Thư 29', 'nv29', '$2b$10$qBk7DLqfy0BqJv2NBxILY.d0yQw2OonNBQBmMbU3ez232klwWhFh.', 'nhan_vien_kho', 'Đang làm', '09813747971', '56 Đường }, Hà Nội', 'nv29@example.com', '1986-10-07', '2023-07-02'),
(30, 'Bùi Duy Nam 30', 'nv30', '$2b$10$qBk7DLqfy0BqJv2NBxILY.d0yQw2OonNBQBmMbU3ez232klwWhFh.', 'nhan_vien_kho', 'Đang làm', '09985460890', '72 Đường ~, TP.HCM', 'nv30@example.com', '1999-06-27', '2024-06-06'),
(31, 'Lê Văn Thành 31', 'nv31', '$2b$10$qBk7DLqfy0BqJv2NBxILY.d0yQw2OonNBQBmMbU3ez232klwWhFh.', 'nhan_vien_kho', 'Đang làm', '09802470078', '63 Đường , Hải Phòng', 'nv31@example.com', '1985-04-13', '2024-10-11'),
(32, 'Ngô Đức Minh 32', 'nv32', '$2b$10$qBk7DLqfy0BqJv2NBxILY.d0yQw2OonNBQBmMbU3ez232klwWhFh.', 'nhan_vien_kho', 'Đang làm', '09352482686', '7 Đường , Hà Nội', 'nv32@example.com', '1990-12-10', '2023-06-29'),
(33, 'Tạ Lan Anh 33', 'nv33', '$2b$10$qBk7DLqfy0BqJv2NBxILY.d0yQw2OonNBQBmMbU3ez232klwWhFh.', 'thu_ngan', 'Đang làm', '09551006322', '99 Đường , Hải Phòng', 'nv33@example.com', '1988-06-11', '2024-05-01'),
(34, 'Vũ Hoàng Long 34', 'nv34', '$2b$10$qBk7DLqfy0BqJv2NBxILY.d0yQw2OonNBQBmMbU3ez232klwWhFh.', 'nhan_vien_kho', 'Đang làm', '09546502730', '31 Đường , Cần Thơ', 'nv34@example.com', '1983-09-11', '2021-12-07'),
(35, 'Lê Văn Thành 35', 'nv35', '$2b$10$qBk7DLqfy0BqJv2NBxILY.d0yQw2OonNBQBmMbU3ez232klwWhFh.', 'nhan_vien_kho', 'Đang làm', '09172038780', '48 Đường , Hà Nội', 'nv35@example.com', '1996-11-08', '2020-01-26'),
(36, 'Hoàng Thúy Nga 36', 'nv36', '$2b$10$qBk7DLqfy0BqJv2NBxILY.d0yQw2OonNBQBmMbU3ez232klwWhFh.', 'thu_ngan', 'Đang làm', '09371895729', '66 Đường , Cần Thơ', 'nv36@example.com', '1999-05-15', '2025-02-04'),
(37, 'Đặng Quang Huy 37', 'nv37', '$2b$10$qBk7DLqfy0BqJv2NBxILY.d0yQw2OonNBQBmMbU3ez232klwWhFh.', 'quan_ly', 'Đang làm', '09255154646', '26 Đường , Cần Thơ', 'nv37@example.com', '1998-08-30', '2020-10-22'),
(38, 'Trần Thu Hằng 38', 'nv38', '$2b$10$qBk7DLqfy0BqJv2NBxILY.d0yQw2OonNBQBmMbU3ez232klwWhFh.', 'nhan_vien_kho', 'Đang làm', '09532119374', '87 Đường , Hà Nội', 'nv38@example.com', '1996-04-11', '2020-03-18'),
(39, 'Đặng Quang Huy 39', 'nv39', '$2b$10$qBk7DLqfy0BqJv2NBxILY.d0yQw2OonNBQBmMbU3ez232klwWhFh.', 'thu_ngan', 'Đang làm', '09261722618', '12 Đường , Đà Nẵng', 'nv39@example.com', '1989-06-17', '2025-04-23'),
(40, 'Trần Thu Hằng 40', 'nv40', '$2b$10$qBk7DLqfy0BqJv2NBxILY.d0yQw2OonNBQBmMbU3ez232klwWhFh.', 'thu_ngan', 'Đang làm', '09891117282', '49 Đường , Cần Thơ', 'nv40@example.com', '1986-09-22', '2020-08-27'),
(41, 'Phạm Hải Yến 41', 'nv41', '$2b$10$qBk7DLqfy0BqJv2NBxILY.d0yQw2OonNBQBmMbU3ez232klwWhFh.', 'thu_ngan', 'Đang làm', '09208369532', '61 Đường , Cần Thơ', 'nv41@example.com', '1988-02-08', '2025-05-12'),
(42, 'Nguyễn Minh Thư 42', 'nv42', '$2b$10$qBk7DLqfy0BqJv2NBxILY.d0yQw2OonNBQBmMbU3ez232klwWhFh.', 'quan_ly', 'Đang làm', '09818917433', '72 Đường , Đà Nẵng', 'nv42@example.com', '1997-04-18', '2020-04-03'),
(43, 'Bùi Duy Nam 43', 'nv43', '$2b$10$qBk7DLqfy0BqJv2NBxILY.d0yQw2OonNBQBmMbU3ez232klwWhFh.', 'quan_ly', 'Đang làm', '09748363271', '91 Đường , Đà Nẵng', 'nv43@example.com', '1989-06-16', '2020-11-30'),
(44, 'Phạm Hải Yến 44', 'nv44', '$2b$10$qBk7DLqfy0BqJv2NBxILY.d0yQw2OonNBQBmMbU3ez232klwWhFh.', 'thu_ngan', 'Đang làm', '09822690438', '31 Đường , Hà Nội', 'nv44@example.com', '1999-03-18', '2024-03-11'),
(45, 'Nguyễn Minh Thư 45', 'nv45', '$2b$10$qBk7DLqfy0BqJv2NBxILY.d0yQw2OonNBQBmMbU3ez232klwWhFh.', 'nhan_vien_kho', 'Đang làm', '09450584342', '62 Đường , Cần Thơ', 'nv45@example.com', '1998-04-28', '2020-05-08'),
(46, 'Phạm Hải Yến 46', 'nv46', '$2b$10$qBk7DLqfy0BqJv2NBxILY.d0yQw2OonNBQBmMbU3ez232klwWhFh.', 'thu_ngan', 'Đang làm', '09888493007', '72 Đường , Cần Thơ', 'nv46@example.com', '1981-06-01', '2024-10-15'),
(47, 'Lê Văn Thành 47', 'nv47', '$2b$10$qBk7DLqfy0BqJv2NBxILY.d0yQw2OonNBQBmMbU3ez232klwWhFh.', 'thu_ngan', 'Đang làm', '09689338746', '13 Đường , Cần Thơ', 'nv47@example.com', '1999-04-29', '2020-10-30'),
(48, 'Bùi Duy Nam 48', 'nv48', '$2b$10$qBk7DLqfy0BqJv2NBxILY.d0yQw2OonNBQBmMbU3ez232klwWhFh.', 'thu_ngan', 'Đang làm', '09577434228', '39 Đường , Hải Phòng', 'nv48@example.com', '1987-12-15', '2025-01-28'),
(49, 'Tạ Lan Anh 49', 'nv49', '$2b$10$qBk7DLqfy0BqJv2NBxILY.d0yQw2OonNBQBmMbU3ez232klwWhFh.', 'nhan_vien_kho', 'Đang làm', '09874205650', '68 Đường , Hà Nội', 'nv49@example.com', '1990-03-08', '2024-03-05'),
(50, 'Hoàng Thúy Nga 50', 'nv50', '$2b$10$qBk7DLqfy0BqJv2NBxILY.d0yQw2OonNBQBmMbU3ez232klwWhFh.', 'nhan_vien_kho', 'Đang làm', '09512928693', '81 Đường , TP.HCM', 'nv50@example.com', '1997-01-18', '2020-01-01');

-- --------------------------------------------------------

--
-- Cấu trúc bảng cho bảng `nha_cung_cap`
--

CREATE TABLE `nha_cung_cap` (
  `id` int(11) NOT NULL,
  `ten_nha_cung_cap` varchar(100) DEFAULT NULL,
  `so_dien_thoai` varchar(15) DEFAULT NULL,
  `dia_chi` text DEFAULT NULL
) ENGINE=InnoDB DEFAULT CHARSET=utf8mb4 COLLATE=utf8mb4_unicode_ci;

--
-- Đang đổ dữ liệu cho bảng `nha_cung_cap`
--

INSERT INTO `nha_cung_cap` (`id`, `ten_nha_cung_cap`, `so_dien_thoai`, `dia_chi`) VALUES
(1, 'Công ty Thái Bình Dương 1', '09470843393', '45 Phố A, Hà Nội'),
(2, 'Công ty An Phát 2', '09816253006', '25 Phố B, Hà Nội'),
(3, 'Công ty An Phát 3', '09461686051', '4 Phố C, TP.HCM'),
(4, 'Công ty Minh Khôi 4', '09571391372', '31 Phố D, Hải Phòng'),
(5, 'Công ty Việt Phát 5', '09270519669', '79 Phố E, TP.HCM'),
(6, 'Công ty Minh Khôi 6', '09248771460', '85 Phố F, Hà Nội'),
(7, 'Công ty Việt Phát 7', '09683135609', '73 Phố G, Hải Phòng'),
(8, 'Công ty Thái Bình Dương 8', '09933340067', '52 Phố H, Cần Thơ'),
(9, 'Công ty An Phát 9', '09448023618', '58 Phố I, TP.HCM'),
(10, 'Công ty Việt Phát 10', '09738940016', '26 Phố J, Hải Phòng'),
(11, 'Công ty Hoàng Gia 11', '09134092620', '93 Phố K, Hải Phòng'),
(12, 'Công ty An Phát 12', '09983682614', '27 Phố L, TP.HCM'),
(13, 'Công ty Minh Khôi 13', '09272101121', '62 Phố M, Hà Nội'),
(14, 'Công ty Việt Phát 14', '09273855245', '47 Phố N, Đà Nẵng'),
(15, 'Công ty An Phát 15', '09880590010', '37 Phố O, Cần Thơ'),
(16, 'Công ty Việt Phát 16', '09968168409', '99 Phố P, Cần Thơ'),
(17, 'Công ty An Phát 17', '09489108360', '69 Phố Q, Đà Nẵng'),
(18, 'Công ty Hoàng Gia 18', '09762965868', '72 Phố R, TP.HCM'),
(19, 'Công ty Minh Khôi 19', '09923482415', '43 Phố S, Đà Nẵng'),
(20, 'Công ty Minh Khôi 20', '09634602795', '37 Phố T, Hải Phòng'),
(21, 'Công ty Thái Bình Dương 21', '09941568208', '90 Phố U, Đà Nẵng'),
(22, 'Công ty Hoàng Gia 22', '09634040140', '95 Phố V, Hải Phòng'),
(23, 'Công ty Minh Khôi 23', '09860610404', '57 Phố W, Hà Nội'),
(24, 'Công ty An Phát 24', '09807598809', '91 Phố X, Hà Nội'),
(25, 'Công ty An Phát 25', '09144251958', '37 Phố Y, Đà Nẵng'),
(26, 'Công ty An Phát 26', '09488331137', '78 Phố Z, TP.HCM'),
(27, 'Công ty Việt Phát 27', '09797185079', '36 Phố [, Hà Nội'),
(28, 'Công ty Thái Bình Dương 28', '09539529864', '42 Phố \\, Hải Phòng'),
(29, 'Công ty Hoàng Gia 29', '09861495405', '63 Phố ], Cần Thơ'),
(30, 'Công ty Việt Phát 30', '09660362965', '71 Phố ^, Hà Nội'),
(31, 'Công ty Minh Khôi 31', '09184516468', '69 Phố _, Hải Phòng'),
(32, 'Công ty Minh Khôi 32', '09464699685', '73 Phố `, Cần Thơ'),
(33, 'Công ty Hoàng Gia 33', '09931152401', '71 Phố a, Hải Phòng'),
(34, 'Công ty Hoàng Gia 34', '09557283681', '88 Phố b, Cần Thơ'),
(35, 'Công ty An Phát 35', '09882257168', '43 Phố c, Cần Thơ'),
(36, 'Công ty Việt Phát 36', '09710767257', '68 Phố d, Hà Nội'),
(37, 'Công ty Thái Bình Dương 37', '09181693653', '15 Phố e, Đà Nẵng'),
(38, 'Công ty Việt Phát 38', '09810779301', '47 Phố f, Cần Thơ'),
(39, 'Công ty Việt Phát 39', '09422080485', '21 Phố g, TP.HCM'),
(40, 'Công ty An Phát 40', '09335276098', '59 Phố h, Đà Nẵng'),
(41, 'Công ty An Phát 41', '09546000656', '3 Phố i, Cần Thơ'),
(42, 'Công ty Minh Khôi 42', '09248739050', '26 Phố j, TP.HCM'),
(43, 'Công ty Việt Phát 43', '09506304068', '81 Phố k, Hải Phòng'),
(44, 'Công ty Hoàng Gia 44', '09718078676', '79 Phố l, Cần Thơ'),
(45, 'Công ty Thái Bình Dương 45', '09389459652', '29 Phố m, Hà Nội'),
(46, 'Công ty Minh Khôi 46', '09504620093', '94 Phố n, Đà Nẵng'),
(47, 'Công ty Thái Bình Dương 47', '09869457790', '69 Phố o, Hà Nội'),
(48, 'Công ty An Phát 48', '09338552343', '51 Phố p, Cần Thơ'),
(49, 'Công ty Minh Khôi 49', '09433695170', '22 Phố q, Hà Nội'),
(50, 'Công ty An Phát 50', '09777243605', '84 Phố r, TP.HCM');

-- --------------------------------------------------------

--
-- Cấu trúc bảng cho bảng `phieu_nhap`
--

CREATE TABLE `phieu_nhap` (
  `id` int(11) NOT NULL,
  `id_nha_cung_cap` int(11) DEFAULT NULL,
  `ngay_nhap` datetime DEFAULT current_timestamp(),
  `id_nhan_vien` int(11) DEFAULT NULL
) ENGINE=InnoDB DEFAULT CHARSET=utf8mb4 COLLATE=utf8mb4_unicode_ci;

--
-- Đang đổ dữ liệu cho bảng `phieu_nhap`
--

INSERT INTO `phieu_nhap` (`id`, `id_nha_cung_cap`, `ngay_nhap`, `id_nhan_vien`) VALUES
(1, 15, '2025-07-17 02:33:12', 31),
(2, 1, '2025-07-18 04:09:06', 28),
(3, 45, '2025-07-21 20:39:26', 28),
(4, 26, '2025-07-20 22:49:09', 31),
(5, 38, '2025-07-06 03:28:11', 45),
(6, 20, '2025-08-02 05:11:44', 23),
(7, 26, '2025-07-28 23:39:58', 30),
(8, 39, '2025-07-10 01:22:22', 38),
(9, 14, '2025-07-04 21:14:37', 29),
(10, 35, '2025-08-04 05:45:32', 18),
(11, 27, '2025-07-21 23:38:30', 49),
(12, 41, '2025-07-31 19:40:19', 34),
(13, 14, '2025-07-05 14:48:15', 34),
(14, 14, '2025-08-03 01:13:31', 21),
(15, 2, '2025-07-16 14:10:31', 31),
(16, 39, '2025-07-28 18:29:34', 35),
(17, 8, '2025-07-29 18:39:47', 49),
(18, 19, '2025-07-31 00:19:40', 38),
(19, 43, '2025-07-15 09:15:52', 31),
(20, 50, '2025-07-02 04:16:29', 35),
(21, 26, '2025-07-14 20:06:40', 34),
(22, 20, '2025-08-02 21:33:15', 49),
(23, 32, '2025-07-19 19:25:15', 18),
(24, 7, '2025-07-12 13:27:28', 30),
(25, 47, '2025-07-23 16:59:51', 38),
(26, 5, '2025-08-07 14:20:00', 35),
(27, 31, '2025-08-04 16:46:20', 13),
(28, 10, '2025-07-16 19:01:48', 34),
(29, 19, '2025-07-28 22:07:56', 50),
(30, 7, '2025-07-12 05:11:55', 18),
(31, 19, '2025-08-01 02:36:44', 11),
(32, 6, '2025-07-17 04:47:38', 32),
(33, 14, '2025-07-20 23:07:37', 28),
(34, 15, '2025-07-11 15:08:12', 38),
(35, 4, '2025-08-06 12:08:55', 31),
(36, 3, '2025-08-05 08:18:31', 21),
(37, 41, '2025-07-28 07:16:05', 29),
(38, 28, '2025-07-07 08:06:22', 32),
(39, 4, '2025-07-28 22:37:37', 35),
(40, 30, '2025-07-15 09:29:32', 34),
(41, 44, '2025-07-18 17:44:39', 23),
(42, 1, '2025-07-26 15:18:45', 3),
(43, 39, '2025-07-07 07:42:20', 18),
(44, 46, '2025-07-30 00:16:04', 30),
(45, 40, '2025-07-05 04:11:06', 34),
(46, 34, '2025-07-13 07:11:43', 45),
(47, 23, '2025-07-24 23:37:07', 32),
(48, 3, '2025-07-03 12:20:52', 3),
(49, 4, '2025-07-26 19:31:42', 49),
(50, 28, '2025-07-18 23:50:59', 50);

-- --------------------------------------------------------

--
-- Cấu trúc bảng cho bảng `san_pham`
--

CREATE TABLE `san_pham` (
  `id` int(11) NOT NULL,
  `ten_san_pham` varchar(100) DEFAULT NULL,
  `ma_san_pham` varchar(50) DEFAULT NULL,
  `don_vi_tinh` varchar(50) DEFAULT NULL,
  `gia_ban` decimal(10,2) DEFAULT NULL,
  `so_luong` int(11) DEFAULT 0,
  `ngay_tao` datetime DEFAULT current_timestamp(),
  `hinh_anh` varchar(255) DEFAULT NULL,
  `danh_muc` varchar(50) DEFAULT NULL
) ENGINE=InnoDB DEFAULT CHARSET=utf8mb4 COLLATE=utf8mb4_unicode_ci;

--
-- Đang đổ dữ liệu cho bảng `san_pham`
--

INSERT INTO `san_pham` (`id`, `ten_san_pham`, `ma_san_pham`, `don_vi_tinh`, `gia_ban`, `so_luong`, `ngay_tao`, `hinh_anh`, `danh_muc`) VALUES
(1, 'Coca-Cola 330ml', 'SP001', 'Lon', 9000.00, 35, '2025-10-20 03:51:52', 'https://cdnv2.tgdd.vn/webmwg/comment/ef/4a/ef4a44fb0c806a130d74efca2ee6ce87.jpg', 'drinks'),
(2, 'Pepsi 330ml', 'SP002', 'Lon', 9000.00, 66, '2025-10-20 03:51:52', 'https://product.hstatic.net/1000288770/product/nuoc_ngot_pepsi_cola_lon_330ml_5d1df64d846f4f93aa666c723cea177d_master.jpg', 'drinks'),
(3, '7Up 330ml', 'SP003', 'Lon', 9000.00, 0, '2025-10-20 03:51:52', 'https://cdn.tgdd.vn/Products/Images/2443/76446/bhx/nuoc-ngot-7-up-lon-330ml-202312252102017018.jpg', 'drinks'),
(4, 'Red Bull 250ml', 'SP004', 'Lon', 15000.00, 59, '2025-10-20 03:51:52', 'https://cdn.tgdd.vn/Products/Images/3226/76513/bhx/nuoc-tang-luc-redbull-lon-250ml-15112018162747.JPG', 'drinks'),
(5, 'Sting Dâu 330ml', 'SP005', 'Lon', 10000.00, 33, '2025-10-20 03:51:52', 'https://cdnv2.tgdd.vn/bhx-static/bhx/Products/Images/3226/76520/bhx/nuoc-tang-luc-sting-dau-pet-330ml_202509291516185862.jpg', 'drinks'),
(6, 'Aquafina 500ml', 'SP006', 'Chai', 7000.00, 73, '2025-10-20 03:51:52', 'https://cdn.tgdd.vn/Products/Images/2563/84816/bhx/thung-24-chai-nuoc-tinh-khiet-aquafina-500ml-202407121620249226.jpg', 'drinks'),
(7, 'Lavie 500ml', 'SP007', 'Chai', 7000.00, 69, '2025-10-20 03:51:52', 'https://cdnv2.tgdd.vn/bhx-static/bhx/Products/Images/2563/84812/bhx/slide-2_202410161047559036.jpg', 'drinks'),
(8, 'Number One Chanh 330ml', 'SP008', 'Lon', 9000.00, 46, '2025-10-20 03:51:52', 'https://cdn.tgdd.vn/Products/Images/3226/83762/bhx/nuoc-tang-luc-number1-vi-chanh-330ml-202004251734005401.jpg', 'drinks'),
(9, 'C2 Trà xanh 500ml', 'SP009', 'Chai', 11000.00, 16, '2025-10-20 03:51:52', 'https://minhcaumart.vn//media/com_eshop/products/resized/8934564600357-500x500.webp', 'drinks'),
(10, 'Twister Cam 1L', 'SP010', 'Chai', 34000.00, 90, '2025-10-20 03:51:52', 'https://cdn.tgdd.vn/Products/Images/3265/219795/bhx/nuoc-cam-ep-twister-chai-1-lit-202003161057443056.jpg', 'drinks'),
(11, 'Sữa tươi Vinamilk 180ml', 'SP011', 'Hộp', 8000.00, 115, '2025-10-20 03:51:52', 'https://cdn.tgdd.vn/Products/Images/2386/85530/bhx/thung-48-hop-sua-tuoi-tiet-trung-it-duong-vinamilk-100-sua-tuoi-180ml-202310071419467951.jpg', 'dairy'),
(12, 'Sữa chua Vinamilk Lốc 4', 'SP012', 'Lốc', 28000.00, 60, '2025-10-20 03:51:52', 'https://cdnv2.tgdd.vn/bhx-static/bhx/Products/Images/7558/198066/bhx/loc-4-hu-sua-chua-co-duong-vinamilk-len-men-tu-nhien-100g_202508281518442130.jpg', 'dairy'),
(13, 'TH True Milk 180ml', 'SP013', 'Hộp', 8500.00, 33, '2025-10-20 03:51:52', 'https://encrypted-tbn0.gstatic.com/images?q=tbn:ANd9GcS0OBEpqIVYLEMaGqIZ1CcjDIdHm0d0X6430A&s', 'dairy'),
(14, 'Yakult Lốc 5 chai', 'SP014', 'Lốc', 34000.00, 86, '2025-10-20 03:51:52', 'https://cdn.tgdd.vn/Products/Images/7598/323707/bhx/loc-5-chai-sua-uong-len-men-yakult-65ml-202403302022236763.jpg', 'dairy'),
(15, 'Snack Oishi Tôm cay 45g', 'SP015', 'Gói', 12000.00, 42, '2025-10-20 03:51:52', 'https://salt.tikicdn.com/cache/320x320/ts/product/d9/59/e2/1118d2d9def429658827816de9199ac8.png', 'snacks'),
(16, 'Snack Poca Khoai tây 53g', 'SP016', 'Gói', 13000.00, 107, '2025-10-20 03:51:52', 'https://cdnv2.tgdd.vn/bhx-static/bhx/Products/Images/3364/193606/bhx/snack-poca-khoai-tay-tu-nhien-goi-52g_202510150941133229.jpg', 'snacks'),
(17, 'Bánh ChocoPie 360g', 'SP017', 'Hộp', 42000.00, 88, '2025-10-20 03:51:52', 'https://cdn.tgdd.vn/Products/Images/7622/145096/bhx/banh-chocopie-orion-dark-vi-ca-cao-hop-360g-12-cai-202401201144469527.jpg', 'snacks'),
(18, 'Bánh Oreo 133g', 'SP018', 'Gói', 16000.00, 28, '2025-10-20 03:51:52', 'https://encrypted-tbn0.gstatic.com/images?q=tbn:ANd9GcRIOzbG9llZSAEhC2diR1k0-MUOpTirij-keQ&s', 'snacks'),
(19, 'Bánh quy Cosy 240g', 'SP019', 'Hộp', 38000.00, 86, '2025-10-20 03:51:52', 'https://www.lottemart.vn/media/catalog/product/cache/0x0/8/9/8934680114998-tet-1.jpg.webp', 'snacks'),
(20, 'Mì Hảo Hảo tôm chua cay', 'SP020', 'Gói', 5000.00, 116, '2025-10-20 03:51:52', 'https://cdnv2.tgdd.vn/bhx-static/bhx/Products/Images/2565/77622/bhx/slide-1_202410151354441725.jpg', 'instant'),
(21, 'Mì Omachi sườn hầm', 'SP021', 'Gói', 8000.00, 95, '2025-10-20 03:51:52', 'https://cdn.tgdd.vn/Products/Images/2565/82566/bhx/thung-30-goi-mi-khoai-tay-omachi-suon-ham-ngu-qua-80g-202302211442193780.jpg', 'instant'),
(22, 'Mì 3 Miền bò hầm', 'SP022', 'Gói', 6500.00, 41, '2025-10-20 03:51:52', 'https://cdn.tgdd.vn/Products/Images/2565/77644/bhx/mi-3-mien-gold-bo-ham-rau-thom-goi-75g-202004181111450189.jpg', 'instant'),
(23, 'Phở ăn liền Vifon', 'SP023', 'Gói', 9000.00, 59, '2025-10-20 03:51:52', 'https://cdn.tgdd.vn/Products/Images/2566/80087/bhx/pho-bo-vifon-goi-65g-202407260927560244.jpg', 'instant'),
(24, 'Trứng gà 10 quả', 'SP024', 'Vỉ', 32000.00, 41, '2025-10-20 03:51:52', 'https://hoayeuthuong.com/hinh-hoa-tuoi/moingay/11953_trung-ga--quahop.jpg', 'groceries'),
(25, 'Xúc xích CP 200g', 'SP025', 'Gói', 28000.00, 98, '2025-10-20 03:51:52', 'https://cdn.tgdd.vn/Products/Images/3507/89851/bhx/xuc-xich-heo-tiet-trung-cp-goi-200g-202208220808364009.jpg', 'frozen'),
(26, 'Thanh cua 200g', 'SP026', 'Gói', 32000.00, 48, '2025-10-20 03:51:52', 'https://kamaboko.vn/wp-content/uploads/2024/10/Thiet-ke-chua-co-ten-5.png', 'instant'),
(27, 'Chả cá viên 200g', 'SP027', 'Gói', 30000.00, 13, '2025-10-20 03:51:52', 'https://cdn.tgdd.vn/Products/Images/7170/229125/bhx/cha-ca-basa-vien-nhat-tam-goi-200g-202011180935010728.jpg', 'frozen'),
(28, 'Cơm nắm Onigiri', 'SP028', 'Cái', 15000.00, 107, '2025-10-20 03:51:52', 'https://encrypted-tbn0.gstatic.com/images?q=tbn:ANd9GcSU-uuihy_hiOW1MUwpiwlhLpYjMBw2Wn2B1Q&s', 'frozen'),
(29, 'Bánh mì sandwich 500g', 'SP029', 'Gói', 22000.00, 67, '2025-10-20 03:51:52', 'https://encrypted-tbn0.gstatic.com/images?q=tbn:ANd9GcRtauqPBsl4Xj6rKoIHNs1trQbnay1ySf77lg&s', 'snacks'),
(30, 'Trà sữa đóng chai 350ml', 'SP030', 'Chai', 18000.00, 77, '2025-10-20 03:51:52', 'https://media3-og.scdn.vn/og/2025/04_08/FcfTkz7nGd86LSv8rT3L_simg_5acd92_320x320_maxb.jpg', 'drinks'),
(31, 'Cà phê lon Highlands 235ml', 'SP031', 'Lon', 18000.00, 117, '2025-10-20 03:51:52', 'https://encrypted-tbn0.gstatic.com/images?q=tbn:ANd9GcSaCoTDEbH7lHUi6mcsLO5qD3UIHwMAzHQyDg&s', 'drinks'),
(32, 'Cà phê sữa G7 3in1 16g', 'SP032', 'Gói', 3000.00, 117, '2025-10-20 03:51:52', 'https://cdn.tgdd.vn/Products/Images/2524/77117/bhx/ca-phe-sua-g7-3-in-1-336g-202111251407228544.jpg', 'drinks'),
(33, 'Kem Cornetto', 'SP033', 'Cái', 12000.00, 102, '2025-10-20 03:51:52', 'https://bizweb.dktcdn.net/thumb/grande/100/093/924/products/walls-kem-oc-que-socola-vani-cornetto-black-white-1.png?v=1712548871900', 'frozen'),
(34, 'Kem Merino ốc quế', 'SP034', 'Cái', 10000.00, 14, '2025-10-20 03:51:52', 'https://cdnv2.tgdd.vn/bhx-static/bhx/Products/Images/7462/250184/bhx/kem-socola-merino-super-teen-cay-60g_202505191404395211.jpg', 'frozen'),
(35, 'Bánh bao nhân thịt', 'SP035', 'Cái', 15000.00, 26, '2025-10-20 03:51:52', 'https://thophat.com/wp-content/uploads/2022/03/BB-Thit-Heo-1.jpg', 'snacks'),
(36, 'Xúc xích rán', 'SP036', 'Cái', 10000.00, 58, '2025-10-20 03:51:52', 'https://media.loveitopcdn.com/38362/thumb/xuc-xich.png', 'frozen'),
(37, 'Bàn chải P/S', 'SP037', 'Cái', 18000.00, 10, '2025-10-20 03:51:52', 'https://encrypted-tbn0.gstatic.com/images?q=tbn:ANd9GcTGsvdVTpqmyWyqcW-Z3cfmAJagHSNYI_AlSg&s', 'personalcare'),
(38, 'Kem đánh răng Colgate 180g', 'SP038', 'Tuýp', 32000.00, 108, '2025-10-20 03:51:52', 'https://product.hstatic.net/1000323041/product/upload_a0bdbcedb27e4eec943b81cd7ea08c08.jpg\\', 'frozen'),
(39, 'Dầu gội Clear 340g', 'SP039', 'Chai', 89000.00, 17, '2025-10-20 03:51:52', 'https://media.hcdn.vn/catalog/product/g/o/google-shopping-dau-goi-clear-men-sach-gau-deep-cleanse-sach-sau-340g-1.jpg', 'personalcare'),
(40, 'Sữa tắm Lifebuoy 530g', 'SP040', 'Chai', 105000.00, 106, '2025-10-20 03:51:52', 'https://assets.unileversolutions.com/v1/132062177.png', 'dairy'),
(41, 'Nước rửa chén Sunlight 750g', 'SP041', 'Chai', 36000.00, 32, '2025-10-20 03:51:52', 'https://www.lottemart.vn/media/catalog/product/cache/0x0/8/9/8934868172437-1.jpg.webp', 'household'),
(42, 'Nước lau sàn Gift 1L', 'SP042', 'Chai', 42000.00, 13, '2025-10-20 03:51:52', 'https://cdn.tgdd.vn/Products/Images/2510/76353/bhx/nuoc-lau-san-gift-huong-hoa-lily-chai-1-lit-202407150901437050.jpg', 'household'),
(43, 'Khăn giấy rút AnAn', 'SP043', 'Gói', 23000.00, 83, '2025-10-20 03:51:52', 'https://www.lottemart.vn/media/catalog/product/cache/0x0/8/9/8935018800835.jpg.webp', 'household'),
(44, 'Giấy vệ sinh BlessYou 10 cuộn', 'SP044', 'Lốc', 54000.00, 30, '2025-10-20 03:51:52', 'https://down-vn.img.susercontent.com/file/vn-11134201-7qukw-lercpccl76fr61', 'household'),
(45, 'Khẩu trang 4 lớp 10 cái', 'SP045', 'Hộp', 18000.00, 88, '2025-10-20 03:51:52', 'https://thanhphatcompany.vn/uploads/product/2022_01/z3140003445477_a08720eb1600e271d1eb9779179f808e.jpg', 'instant'),
(46, 'Pin tiểu AA đôi', 'SP046', 'Vỉ', 12000.00, 120, '2025-10-20 03:51:52', 'https://product.hstatic.net/1000362139/product/pin-aa-energizer-2_293efe54b6184a81b42db2ead9ac8a87.jpg', 'household'),
(47, 'Sạc dự phòng mini 5000mAh', 'SP047', 'Cái', 159000.00, 18, '2025-10-20 03:51:52', 'https://cdn2.cellphones.com.vn/insecure/rs:fill:358:358/q:90/plain/https://cellphones.com.vn/media/catalog/product/p/i/pin-sac-du-phong-mini-momax-1-power-ip130-type-c_1_.png', 'personalcare'),
(48, 'Ô dù gấp gọn', 'SP048', 'Cái', 69000.00, 66, '2025-10-20 03:51:52', 'https://huyphu.com/cdn/720/Product/Ckd7rpVq8VOt/1572874290828.jpg', 'household'),
(49, 'Bật lửa', 'SP049', 'Cái', 6000.00, 49, '2025-10-20 03:51:52', 'https://bizweb.dktcdn.net/100/429/840/products/bat-lua-500x500-0.jpg?v=1628476690273', 'household'),
(50, 'Bộ dao cạo râu', 'SP050', 'Bộ', 25000.00, 27, '2025-10-20 03:51:52', 'https://barbershop.vn/static/team/upload/images/bo-dao-cao-rau-cao-cap-cho-nam.jpg', 'personalcare'),
(51, 'Nước mắm Chinsu 500ml', 'SP051', 'Chai', 42000.00, 77, '2025-10-20 03:51:52', 'https://bizweb.dktcdn.net/100/478/273/products/nuoc-mam-dam-dac-chinsu-huong-ca-hoi-hao-hang-chai-500ml-201908131501006082.jpg?v=1727400072830', 'groceries'),
(52, 'Dầu ăn Tường An 1L', 'SP052', 'Chai', 52000.00, 105, '2025-10-20 03:51:52', 'https://cdn.tgdd.vn/Products/Images/2286/88739/bhx/dau-thuc-vat-tuong-an-cooking-oil-chai-1-lit-202105201322134036.jpg', 'groceries'),
(53, 'Kem que vani 60g', 'SP053', 'Cái', 8000.00, 12, '2025-10-20 03:51:52', 'https://cdnv2.tgdd.vn/bhx-static/bhx/Products/Images/7462/250227/bhx/kem-topten-vanila-walls-cay-57g_202508201450410903.jpg', 'frozen'),
(54, 'Kem hộp socola 450ml', 'SP054', 'Hộp', 65000.00, 96, '2025-10-20 03:51:52', 'https://product.hstatic.net/200000078749/product/3110749_kem_vinamilk_socola_450ml_57f64fe3aa82480fb0c665fce11098ae_df73dbdf4e4842689b95c6372f0382e9.jpg', 'frozen'),
(55, 'Cá basa phi lê đông lạnh 500g', 'SP055', 'Gói', 72000.00, 61, '2025-10-20 03:51:52', 'https://www.lottemart.vn/media/catalog/product/cache/0x0/8/9/8935087300359.jpg.webp', 'frozen'),
(56, 'Thịt bò viên 300g', 'SP056', 'Gói', 56000.00, 49, '2025-10-20 03:51:52', 'https://s3-hcmc02.higiocloud.vn/images/2022/thit-bo-vien-khay-hoa-doanh-300g_7528a7df-2f31-4ab7-937d-dffdbf4c7ede-og.jpg', 'frozen'),
(57, 'Rong biển ăn liền', 'SP057', 'Gói', 12000.00, 73, '2025-10-20 03:51:52', 'https://product.hstatic.net/200000495609/product/rong-bien-k-fish-han-quoc-01_360f2a9a22d740cf85a391e22b0d2412_master.jpg', 'household'),
(58, 'Khăn giấy ướt 80 tờ', 'SP058', 'Gói', 28000.00, 25, '2025-10-20 03:51:52', 'https://bizweb.dktcdn.net/100/299/021/products/8936072190672.jpg?v=1682384938773', 'household'),
(59, 'Nước lau kính 500ml', 'SP059', 'Chai', 32000.00, 22, '2025-10-20 03:51:52', 'https://hachihachi.com.vn/Uploads/_6/productimage/4710363512015.jpg', 'household'),
(60, 'Nước xịt phòng hương lavender', 'SP060', 'Chai', 45000.00, 18, '2025-10-20 03:51:52', 'https://cdn.tgdd.vn/Products/Images/3345/76945/bhx/xit-phong-glade-huong-hoa-oai-huong-280ml-202203231331033897.jpg', 'household'),
(61, 'Bột giặt 2.5kg', 'SP061', 'Túi', 92000.00, 101, '2025-10-20 03:51:52', 'https://minhcaumart.vn//media/com_eshop/products/resized/8934939003165-500x500.webp', 'household'),
(62, 'Nước xả vải 3.2L', 'SP062', 'Chai', 148000.00, 35, '2025-10-20 03:51:52', 'https://bluehathanh.com/wp-content/uploads/2023/02/nuoc-xa-vai-dam-dac-blue-32l.jpg', 'household'),
(63, 'Dao lam cạo râu 5 cái', 'SP063', 'Vỉ', 19000.00, 36, '2025-10-20 03:51:52', 'https://img.vn.my-best.com/product_images/82fcee21772df55b58b67eb743d768ef.png?ixlib=rails-4.3.1&q=70&lossless=0&w=800&h=800&fit=clip&s=ce8bf6794d1097fe4efe6a565094172f', 'dairy'),
(64, 'Sữa rửa mặt than tre 100g', 'SP064', 'Tuýp', 68000.00, 85, '2025-10-20 03:51:52', 'https://cdn.tgdd.vn/Products/Images/2504/263116/bhx/sua-rua-mat-ponds-sang-da-sach-sau-than-tre-100g-202201120842242800.jpg', 'dairy'),
(65, 'Dầu gội Head & Shoulders 625ml', 'SP065', 'Chai', 165000.00, 35, '2025-10-20 03:51:52', 'https://storage.beautyfulls.com/uploads-1/sg-press/600x/dau-goi-head-and-shoulders-cho-da-dau-ngua-113096.webp', 'personalcare'),
(66, 'Sữa tắm Dove 530g', 'SP066', 'Chai', 115000.00, 120, '2025-10-20 03:51:52', 'https://lanchi.vn/wp-content/uploads/2021/11/SUA-TAM-DOVE-DUONG-Am-DIU-MAT-530G.png', 'dairy'),
(67, 'Nước tương đậm đặc 500ml', 'SP067', 'Chai', 26000.00, 43, '2025-10-20 03:51:52', 'https://cdnv2.tgdd.vn/bhx-static/bhx/Products/Images/2683/174521/bhx/174521-slide-moi_202409251349401341.jpg', 'snacks'),
(68, 'Tương ớt Chinsu 500g', 'SP068', 'Chai', 28000.00, 110, '2025-10-20 03:51:52', 'https://cdn.tgdd.vn/Products/Images/2567/213563/bhx/tuong-ot-chinsu-chai-500g-201911011615532253.jpg', 'groceries'),
(69, 'Muối i-ốt 500g', 'SP069', 'Gói', 7000.00, 116, '2025-10-20 03:51:52', 'https://cdn.tgdd.vn/Products/Images/2803/82126/bhx/muoi-iot-ban-lieu-cao-cap-500gam-2-700x467.jpg', 'groceries'),
(70, 'Đường trắng 1kg', 'SP070', 'Gói', 23000.00, 9, '2025-10-20 03:51:52', 'https://bizweb.dktcdn.net/100/371/958/products/duong-trang.jpg?v=1712804108660', 'groceries'),
(71, 'Gạo thơm Jasmine 5kg', 'SP071', 'Túi', 165000.00, 93, '2025-10-20 03:51:52', 'https://tvfood.com.vn/vnt_upload/product/09_2023/Jasmine_2.png', 'groceries'),
(72, 'Nước mắm Nam Ngư 900ml', 'SP072', 'Chai', 52000.00, 43, '2025-10-20 03:51:52', 'https://cdn.tgdd.vn/Products/Images/2289/79053/bhx/nuoc-mam-nam-ngu-10-do-dam-chai-900ml-202304131727238371.jpg', 'groceries'),
(73, 'Ngũ cốc dinh dưỡng 400g', 'SP073', 'Hộp', 68000.00, 14, '2025-10-20 03:51:52', 'https://www.lottemart.vn/media/catalog/product/cache/0x0/8/9/8936081292329.jpg.webp', 'groceries'),
(74, 'Mật ong nguyên chất 500ml', 'SP074', 'Chai', 98000.00, 51, '2025-10-20 03:51:52', 'https://product.hstatic.net/200000203649/product/mat-ong-khoai-rung-500-ml_68ecb506ee724a7184cf2b286091f4e7_80652daee5ee403e905cf61df9d6a5ce.jpg', 'groceries'),
(75, 'Soda việt quất 500ml', 'SP075', 'Lon', 60077.00, 142, '2025-10-20 03:51:52', 'https://salt.tikicdn.com/cache/750x750/ts/product/e2/01/1b/64c15f7e1ada1980bf81a51b22771eb4.png', 'drinks'),
(76, 'Nước chanh leo 500ml', 'SP076', 'Chai', 59774.00, 173, '2025-10-20 03:51:52', 'https://lh3.googleusercontent.com/proxy/BrS7JxU_i2rhM0G1IElDrO3vdGk5aaT83h93qkTVpM73g-qaQVwoAkI8oTabcG0217744eCIoAIpD5_ZjCcPLKyR2XKkz7IukH_smGrIx707jCGuoXpgYMlV5OIuOQ', 'drinks'),
(77, 'Nước khoáng có gas 250ml', 'SP077', 'Chai', 55562.00, 186, '2025-10-20 03:51:52', 'https://shop.annam-gourmet.com/pub/media/catalog/product/cache/ee0af4cad0f3673c5271df64bd520339/i/t/item_B140081_b0c5.jpg', 'drinks'),
(78, 'Trà chanh mật ong 250ml', 'SP078', 'Lon', 46655.00, 61, '2025-10-20 03:51:52', 'https://image-cdn.7-eleven.vn/resize?type=webp&width=500&height=500&url=https%3A%2F%2F7rewards-images-s3-ap-southeast-1-amazonaws.cdn.vccloud.vn%2Fproduction%2Fattachment_v2s%2Ffiles%2F3691_1730176488_original.jpg%3F1730176488', 'drinks'),
(79, 'Nước ngọt vị cam 1000ml', 'SP079', 'Lon', 154207.00, 175, '2025-10-20 03:51:52', 'https://www.lottemart.vn/media/catalog/product/cache/0x0/8/9/8934588193101-1.jpg.webp', 'drinks'),
(80, 'Nước chanh leo 1000ml', 'SP080', 'Lon', 128465.00, 169, '2025-10-20 03:51:52', 'https://product.hstatic.net/200000326747/product/chai-nuoc-cot-chanh-day-1000ml-06_e28ccd8d114f41b6ab7165df40e1cb7a_1024x1024.jpg', 'drinks'),
(81, 'Nước ngọt vị cam 350ml', 'SP081', 'Lon', 47471.00, 41, '2025-10-20 03:51:52', 'https://bizweb.dktcdn.net/thumb/grande/100/257/549/products/nuoc-ngot-co-ga-fanta-vi-cam-350ml-nhat-ban1.png?v=1759375940057', 'drinks'),
(82, 'Nước ngọt vị cam 500ml', 'SP082', 'Lon', 43555.00, 164, '2025-10-20 03:51:52', 'https://product.hstatic.net/1000186075/product/nuoc-ngot-vi-cam-coca-cola-fanta-orange-500ml-24_e5263e90be004b758f4ac77af1cc9623_master.jpg', 'drinks'),
(83, 'Nước chanh leo 250ml', 'SP083', 'Chai', 49811.00, 31, '2025-10-20 03:51:52', 'https://product.hstatic.net/200000411483/product/passion_fruit_nectar_8070b1358e8d487984f4e358ad7b3aef.png', 'drinks'),
(84, 'Nước khoáng có gas 1000ml', 'SP084', 'Chai', 94869.00, 43, '2025-10-20 03:51:52', 'https://vending-cdn.kootoro.com/torov-cms/upload/image/1718004132292-N%C6%B0%E1%BB%9Bc%20Kho%C3%A1ng%20V%C4%A9nh%20H%E1%BA%A3o%20(2).jpg', 'drinks'),
(85, 'Nước chanh leo 1000ml', 'SP085', 'Chai', 84165.00, 159, '2025-10-20 03:51:52', 'https://vcafe.com.vn/wp-content/uploads/2025/09/os-sinh-to-chanh-day-1l.webp', 'drinks'),
(86, 'Trà chanh mật ong 500ml', 'SP086', 'Chai', 94187.00, 143, '2025-10-20 03:51:52', 'https://vihamark.com/upload/files/N%C6%B0%E1%BB%9Bc/tra%20chanh%20mat%20ong.jpg', 'drinks'),
(87, 'Soda việt quất 1000ml', 'SP087', 'Chai', 155076.00, 25, '2025-10-20 03:51:52', 'https://product.hstatic.net/200000559893/product/sinh_to_viet_quat_49e2a7f6657d464d9a3e26bdf7d14575.png', 'drinks'),
(88, 'Soda việt quất 500ml', 'SP088', 'Lon', 59889.00, 30, '2025-10-20 03:51:52', 'https://salt.tikicdn.com/cache/750x750/ts/product/e2/01/1b/64c15f7e1ada1980bf81a51b22771eb4.png', 'drinks'),
(89, 'Nước chanh leo 1000ml', 'SP089', 'Chai', 106371.00, 183, '2025-10-20 03:51:52', 'https://product.hstatic.net/200000326747/product/chai-nuoc-cot-chanh-day-1000ml-06_e28ccd8d114f41b6ab7165df40e1cb7a_grande.jpg', 'drinks'),
(90, 'Kẹo dẻo trái cây 1000g', 'SP090', 'Gói', 116997.00, 109, '2025-10-20 03:51:52', 'https://www.lottemart.vn/media/catalog/product/cache/0x0/9/5/9556296203645.jpg.webp', 'snacks'),
(91, 'Bánh mì que 250g', 'SP091', 'Hộp', 118984.00, 179, '2025-10-20 03:51:52', 'https://product.hstatic.net/1000246697/product/banh-mi-que-pate-thit-truyen-thong-da-su-hop-250g-202105271540132138_b948bc11edb74a62bf78a25b7f48ae22_master.jpg', 'snacks'),
(92, 'Snack rong biển 1000g', 'SP092', 'Gói', 95329.00, 173, '2025-10-20 03:51:52', 'https://img.lazcdn.com/g/p/742c03d11145c767ad3636a96ba2f6b7.jpg_720x720q80.jpg', 'snacks'),
(93, 'Bắp rang bơ 400g', 'SP093', 'Túi', 33368.00, 148, '2025-10-20 03:51:52', 'https://img.lazcdn.com/g/ff/kf/S363bd107fb234242a6aabe3fd6061538H.jpg_720x720q80.jpg', 'snacks'),
(94, 'Bánh quy bơ 100g', 'SP094', 'Hộp', 37104.00, 31, '2025-10-20 03:51:52', 'https://concung.com/2024/07/40894-112432-large_mobile/banh-qui-bo-hinh-thu-bahlsen-zoo-100g.png', 'snacks'),
(95, 'Bánh quy bơ 400g', 'SP095', 'Gói', 111276.00, 91, '2025-10-20 03:51:52', 'https://concung.com/2024/07/40894-112432-large_mobile/banh-qui-bo-hinh-thu-bahlsen-zoo-100g.png', 'snacks'),
(96, 'Bánh mì que 400g', 'SP096', 'Hộp', 22842.00, 132, '2025-10-20 03:51:52', 'https://www.lottemart.vn/media/catalog/product/cache/0x0/8/9/8938511518634-1.jpg.webp', 'snacks'),
(97, 'Bánh mì que 750g', 'SP097', 'Gói', 12322.00, 30, '2025-10-20 03:51:52', 'https://lh3.googleusercontent.com/DfPAMLukUJflGaasgA-l8M3BXlfeXA34v3BbVoNnh3fCxuIo-MRfzLpTthg6UtSSGDcVQj1M_WIpHZPOdyjUCvdZdwKNT5Y', 'snacks'),
(98, 'Snack rong biển 1000g', 'SP098', 'Gói', 58482.00, 141, '2025-10-20 03:51:52', 'https://sg-live-01.slatic.net/p/822a9f10c517844a001e6afb482451a2.jpg_525x525q80.jpg', 'snacks'),
(99, 'Kẹo dẻo trái cây 750g', 'SP099', 'Hộp', 89508.00, 67, '2025-10-20 03:51:52', 'https://product.hstatic.net/1000355547/product/91532262fad84286bf8dcbae0a085345_39072e696e5b4f3ba9882c340cb63017_grande.jpg', 'snacks'),
(100, 'Bánh mì que 400g', 'SP100', 'Hộp', 165744.00, 165, '2025-10-20 03:51:52', 'https://www.lottemart.vn/media/catalog/product/cache/0x0/8/9/8938511518627.jpg.webp', 'snacks'),
(101, 'Snack rong biển 1000g', 'SP101', 'Hộp', 114428.00, 71, '2025-10-20 03:51:52', 'https://img.onelife.vn/94TpYgP6y4ZAM3hYV5bL-bIcgqA8Cy5ixd0tL6RmjT8/rs:fit:250:250:1/plain/https://storage.googleapis.com/sc_pcm_product/prod/2024/3/27/97761-95769.jpg', 'snacks'),
(102, 'Snack mực vị rong biển Talaethong gói 100g', 'SP102', 'Gói', 114330.00, 106, '2025-10-20 03:51:52', 'https://cdnv2.tgdd.vn/bhx-static/bhx/Products/Images/3364/282757/bhx/snack-muc-vi-rong-bien-talaethong-goi-100g_202507281353343494.jpg', 'snacks'),
(103, 'Bánh quy bơ 250g', 'SP103', 'Hộp', 150197.00, 38, '2025-10-20 03:51:52', 'https://concung.com/2024/07/40894-112432-large_mobile/banh-qui-bo-hinh-thu-bahlsen-zoo-100g.png', 'snacks'),
(104, 'Bánh mì que 200g', 'SP104', 'Gói', 79924.00, 33, '2025-10-20 03:51:52', 'https://cdn.tgdd.vn/Products/Images/10778/315925/bhx/banh-mi-que-pate-hai-phong-ntp-food-goi-200g-202310110941411102.jpg', 'snacks'),
(105, 'Sữa tươi tiệt trùng 180ml', 'SP105', 'Lốc', 125206.00, 114, '2025-10-20 03:51:52', 'https://d8um25gjecm9v.cloudfront.net/cms/ST_Tiet_trung_FM_100_KD_180_3_715ac4447b_ea4475a245.png', 'dairy'),
(106, 'Váng sữa 400g', 'SP106', 'Hộp', 143279.00, 171, '2025-10-20 03:51:52', 'https://encrypted-tbn0.gstatic.com/images?q=tbn:ANd9GcTzDnnYd_sNxGbozwA6bujhi_KTjVGRisTPdg&s', 'dairy'),
(107, 'Bơ mặn 100g', 'SP107', 'Hộp', 150248.00, 197, '2025-10-20 03:51:52', 'https://thichlambanh.com/data/images/2021_11/bo-man-lurpak-100g-1636338318.png', 'dairy'),
(108, 'Phô Mai Lát Edam Emborg 150g', 'SP108', 'Hộp', 97891.00, 54, '2025-10-20 03:51:52', 'https://cdn.hstatic.net/products/200000311961/sku_h_p_qu__website_8d2f37159f8a4e449920df799e9625e5_1024x1024.jpg', 'dairy'),
(109, 'Sữa chua uống vị dâu Meiji lốc 4 hộp x 85ml', 'SP109', 'Lốc', 35000.00, 21, '2025-10-20 03:51:52', 'https://kingfoodmart.com/_next/image?url=https%3A%2F%2Fstorage.googleapis.com%2Fsc_pcm_product%2Fprod%2F2025%2F7%2F8%2F627966-8850329536238.webp&w=3840&q=75', 'dairy'),
(110, 'Bơ mặn 200g', 'SP110', 'Hộp', 116912.00, 74, '2025-10-20 03:51:52', 'https://dungculambanh.com.vn/wp-content/uploads/2021/02/bo-man-anchor.jpg', 'dairy'),
(111, 'Sữa chua uống hương tự nhiên Betagen chai 400ml', 'SP111', 'Chai', 30648.00, 183, '2025-10-20 03:51:52', 'https://kingfoodmart.com/_next/image?url=https%3A%2F%2Fstorage.googleapis.com%2Fsc_pcm_product%2Fprod%2F2023%2F4%2F28%2F1051-100826.jpg&w=1080&q=75', 'dairy'),
(112, 'Sữa chua uống hương cam Betagen chai 700ml\n', 'SP112', '', 33093.00, 63, '2025-10-20 03:51:52', 'https://kingfoodmart.com/_next/image?url=https%3A%2F%2Fstorage.googleapis.com%2Fsc_pcm_product%2Fprod%2F2023%2F4%2F28%2F1049-101724.jpg&w=1080&q=75', 'dairy'),
(115, 'Phô mai lát Perfect Slices Emborg 100g\n', 'SP115', 'Gói', 36000.00, 128, '2025-10-20 03:51:53', 'https://thichlambanh.com/data/images/2025_05/pho-mai-lat-perfect-slices-emborg-100g-1748007052.jpg', 'dairy'),
(117, 'Phô mai mascarpone cheese hiệu TATUA 1Kg\n', 'SP117', 'Gói ', 280000.00, 59, '2025-10-20 03:51:53', 'https://thichlambanh.com/data/images/2024_03/pho-mai-mascarpone-cheese-hieu-tatua-1kg-1711100374.jpg', 'dairy'),
(118, 'Creamcheese/ phô mai kem Zelachi', 'SP118', 'Gói ', 72000.00, 71, '2025-10-20 03:51:53', 'https://thichlambanh.com/data/images/2023_08/creamcheese-pho-mai-kem-zelachi-1690979023.jpeg', 'dairy'),
(119, 'Sữa tươi tiệt trùng 220ml', 'SP119', 'Túi', 178424.00, 120, '2025-10-20 03:51:53', 'https://d8um25gjecm9v.cloudfront.net/cms/ST_Tiet_trung_FM_100_KD_220_1_732005e93e_ac3a99ee2d.png', 'dairy'),
(120, 'Mì Modern phá lấu bò ly 65g\n\n', 'SP120', 'Hộp', 10000.00, 169, '2025-10-20 03:51:53', 'https://cdn.tgdd.vn/Products/Images/2565/226997/bhx/mi-modern-pha-lau-bo-ly-65g-202008151328057016.jpg', 'instant'),
(121, 'Mì Hương Vị Gà Ngon Ngon Ly 60g', 'SP121', 'Gói ', 117244.00, 181, '2025-10-20 03:51:53', 'https://csfood.vn/wp-content/uploads/2016/06/M%C3%AC-h%C6%B0%C6%A1ng-v%E1%BB%8B-g%C3%A0-Ngon-Ngon-ly-60g.jpg', 'instant'),
(123, 'Miến Dong Việt San Gói 300g', 'SP123', 'Túi', 25000.00, 130, '2025-10-20 03:51:53', 'https://csfood.vn/wp-content/uploads/2020/08/Mi%E1%BA%BFn-Dong-Vi%E1%BB%87t-San-G%C3%B3i-300g.png', 'instant'),
(124, 'Mì Koreno vị gà gói 100g\n\n', 'SP124', 'Gói', 10000.00, 99, '2025-10-20 03:51:53', 'https://cdn.tgdd.vn/Products/Images/2565/82649/bhx/mi-koreno-thuong-hang-vi-ga-goi-100g-201912090847224109.jpg', 'instant'),
(125, 'Bún ăn liền 1000g', 'SP125', 'Hộp', 109370.00, 111, '2025-10-20 03:51:53', 'https://thucphamnhanh.com/wp-content/uploads/2020/10/bun-bo-tuoi-loai-1-kg-5.jpg', 'instant'),
(127, 'Cháo ăn liền thịt bằm 50g', 'SP127', 'Gói', 64096.00, 98, '2025-10-20 03:51:53', 'https://kingfoodmart.com/_next/image?url=https%3A%2F%2Fstorage.googleapis.com%2Fsc_pcm_product%2Fprod%2F2025%2F3%2F3%2F619604-8934679452407-02.webp&w=3840&q=75', 'instant'),
(129, 'Mì Ly Cay CayKay Hương Vị Bò 66G', 'SP129', 'Hộp', 9600.00, 165, '2025-10-20 03:51:53', 'https://www.lottemart.vn/media/catalog/product/cache/0x0/8/9/8934563670139-1-1.jpg.webp', 'instant'),
(130, 'Miến Dong Riềng - Miến Khoai Lang MIDORI', 'SP130', 'Gói ', 12000.00, 75, '2025-10-20 03:51:53', 'https://cf.shopee.vn/file/a401d5e8510aa108e6b0d589b980374c', 'instant'),
(132, 'Cháo ăn liền thịt bằm 70g', 'SP132', 'Gói', 140716.00, 188, '2025-10-20 03:51:53', 'https://product.hstatic.net/200000401369/product/chao-thit-bam-vifon-goi-70g_08939a7346924e6cbc5f2d4eb48d0399_9cb0b8110cdb4df3a5b04a2f7c1ea8e2_grande.jpg', 'instant'),
(133, 'Mì ly hương bò 100g', 'SP133', 'Hộp', 166030.00, 10, '2025-10-20 03:51:53', 'https://saphavi.eu/cdn/shop/products/A29A25F1-D949-4430-B892-EC498EF7180D.jpeg?v=1575477391', 'instant'),
(134, 'Mì Ly Omachi Hương Vị Xốt Bò Hầm', 'SP134', 'Hộp', 12000.00, 124, '2025-10-20 03:51:53', 'https://saphavi.eu/cdn/shop/products/A29A25F1-D949-4430-B892-EC498EF7180D.jpeg?v=1575477391', 'instant'),
(135, 'Khoai tây chiên đông lạnh 150g', 'SP135', 'Gói', 146000.00, 189, '2025-10-20 03:51:53', 'https://classicdeli.vn/ho-chi-minh/6565-large_default/khoai-tay-chien-dong-lanh-to-ban-18x9-25kg-metro-chef.jpg', 'frozen'),
(137, 'Khoai tây đông lạnh cắt thẳng 500g', 'SP137', 'Túi', 53000.00, 151, '2025-10-20 03:51:53', 'https://cdnv2.tgdd.vn/bhx-static/bhx/Products/Images/7172/239239/bhx/frame-498_202409160837190145.jpg', 'frozen'),
(138, 'Há Cảo 5 Vị Siêu Ngon Thương Hiệu Hàn Quốc Dong Won\n', 'SP138', 'Gói', 120000.00, 155, '2025-10-20 03:51:53', 'https://thucphamhan.vn/thumb/480x420/2/upload/product/eng-3888.jpg', 'frozen'),
(139, 'Xúc xích phô mai 750g', 'SP139', 'Gói', 87416.00, 78, '2025-10-20 03:51:53', 'https://akuruhifood.com/Image/Picture/th%E1%BB%B1c%20ph%E1%BA%A9m%20%C4%91%C3%B4ng%20l%E1%BA%A1nh%20(1)/8938524577390.jpg', 'frozen'),
(140, 'Khoai tây chiên đông lạnh 750g', 'SP140', 'Gói', 100000.00, 57, '2025-10-20 03:51:53', 'https://product.hstatic.net/200000330299/product/khoai_t_y_mi_ng_tr_n_rosti_750g_ba58f0e2f2f546fba520e48f93c2199c_large.jpg', 'frozen'),
(141, 'Xúc xích phô mai 150g', 'SP141', 'Gói', 133923.00, 53, '2025-10-20 03:51:53', 'https://cdn.tgdd.vn/Products/Images/3507/249211/bhx/xuc-xich-tiet-trung-vi-rau-cu-pho-mai-g-goi-150g-5-cay-x-30g-202108201059123200.jpg', 'frozen'),
(146, 'Bánh bao kim sa Bamboo 240g', 'SP146', 'Gói', 52000.00, 198, '2025-10-20 03:51:53', 'https://product.hstatic.net/200000352097/product/f12ec2707ff13355ba165ab4a9166f99_43505566a7e74520a37283d8d516a1cd_grande.png', 'frozen'),
(147, 'Há Cảo Chiên Đông Lạnh Dongwon 400G\n', 'SP147', 'Gói', 96000.00, 84, '2025-10-20 03:51:53', 'https://salt.tikicdn.com/cache/750x750/ts/product/8d/84/00/caa531308b83304743390521db2277a8.jpg.webp', 'frozen'),
(148, 'Viên gà nướng mềm SAYA 100g', 'SP148', 'Gói', 69056.00, 34, '2025-10-20 03:51:53', 'https://doggyman.com.vn/uploads/source/uploads/products/san-pham-cho-cho/thuc-an/82332-vien-ga-nuong-mem-100g-doggyman-00.jpg', 'frozen'),
(151, 'Nước Rửa Tay Lifebuoy Công Thức Vitamin+ Sữa Dưỡng Ẩm Chai 450G\n', 'SP151', 'Chai', 64500.00, 65, '2025-10-20 03:51:53', 'https://www.lottemart.vn/media/catalog/product/cache/0x0/8/9/8934868166337.jpg.webp', 'household'),
(152, 'Nước tẩy bồn cầu & nhà tắm VIM diệt khuẩn 500ml', 'SP152', 'Chai', 26000.00, 25, '2025-10-20 03:51:53', 'https://cdn.tgdd.vn/Products/Images/2511/81602/bhx/nuoc-tay-bon-cau-nha-tam-vim-diet-khuan-500ml-202407051515583920.jpg', 'household'),
(153, 'Nước lau sàn Sunlight chanh sả 1L/12', 'SP153', 'Chai', 31000.00, 120, '2025-10-20 03:51:53', 'https://bizweb.dktcdn.net/thumb/1024x1024/100/493/508/products/e1728522-de38-47af-a074-096f8d8190c3.jpg', 'household'),
(164, 'Túi rác tự huỷ ', 'SP164', 'Túi', 115869.00, 163, '2025-10-20 03:51:53', 'https://baobitrungthanh.com/wp-content/uploads/2024/03/tui-rac-tu-huy.jpg', 'household'),
(165, 'Sữa Tắm Johnson\'s Adult 2 Trong 1 Cấp Ẩm Cho Người Lớn 750ml', 'SP165', 'Chai', 143826.00, 89, '2025-10-20 03:51:53', 'https://media.hcdn.vn/catalog/product/g/o/google-shopping-sua-tam-johnson-s-adult-2-trong-1-cap-am-cho-nguoi-lon-750ml-1696480561_img_450x450_31d6f9_fit_center.jpg', 'personalcare'),
(166, 'Sáp Thơm Phòng Khử Mùi Ngủ Sara Lon 100g', 'SP166', 'Hộp', 40000.00, 148, '2025-10-20 03:51:53', 'https://sg-live-01.slatic.net/p/19379d3caf5159ed9563bdac55c06cde.jpg_525x525q80.jpg', 'personalcare'),
(167, 'Dầu gội thảo dược 350ml', 'SP167', 'Chai', 202211.00, 174, '2025-10-20 03:51:53', 'https://bizweb.dktcdn.net/100/294/198/products/chac-khoe-dg-1749001177658.jpg?v=1749001180860', 'personalcare'),
(169, 'Kem cạo râu Familiar 275g', 'SP169', 'Chai', 40000.00, 59, '2025-10-20 03:51:53', 'https://sieuthisieure.vn/SalesUploads/3273/09102024/3bb2bac8-6c53-422a-afcd-71e53518a5eb.png', 'personalcare'),
(170, 'Nước súc miệng Listerine Thái Lan\n', 'SP170', 'Chai', 61225.00, 117, '2025-10-20 03:51:53', 'https://shophangtieudung.com/wp-content/uploads/2018/03/N%C6%B0%E1%BB%9Bc-s%C3%BAc-mi%E1%BB%87ng-Listerine.png', 'personalcare'),
(173, 'Sữa tắm lifebuoy 100g ( mẫu ngẫu nhiên)', 'SP173', 'Gói', 107317.00, 121, '2025-10-20 03:51:53', 'https://img.lazcdn.com/g/p/62a66428c57391e24ef5943861cfa870.jpg_720x720q80.jpg_.webp', 'personalcare'),
(176, 'Dầu Gội Thảo Dược Cổ Hương', 'SP176', 'Chai', 210000.00, 32, '2025-10-20 03:51:53', 'https://thanhmochuonght.com/wp-content/uploads/2022/03/dau-goi-thao-duoc-co-huong-mau-moi-e1660533456224.jpeg', 'personalcare'),
(177, 'Dầu gội thảo dược phục hồi Herbal\n', 'SP177', 'Chai', 395000.00, 22, '2025-10-20 03:51:53', 'https://bizweb.dktcdn.net/thumb/grande/100/452/346/products/dau-goi-herbal-500ml.jpg?v=1756282680050', 'personalcare'),
(178, 'Dầu gội thảo dược 1000g', 'SP178', 'Túi', 78098.00, 96, '2025-10-20 03:51:53', 'https://hoalinhonline.vn/wp-content/uploads/2025/07/dau-goi-nguyen-xuan-duong-toc-1-750x750.jpg', 'personalcare'),
(179, 'Sữa Tắm Dưỡng Ẩm Trắng Da Hatomugi Moisturizing & Washing The Body Soap 800ml\n', 'SP179', 'Chai', 18075.00, 176, '2025-10-20 03:51:53', 'https://product.hstatic.net/200000150709/product/m-hatomugi-nhat-ban-800ml-1_e7ecedd4aeba4ed381ca03d4a0d8e07c_1024x1024_86991ba405314de8868d2fee1173d2b4_grande.jpg', 'personalcare'),
(181, 'Nước mắm 35N Thanh Hà chai 520ml\n', 'SP181', 'Chai', 54124.00, 132, '2025-10-20 03:51:53', 'https://kingfoodmart.com/_next/image?url=https%3A%2F%2Fstorage.googleapis.com%2Fsc_pcm_product%2Fprod%2F2023%2F4%2F28%2F1538-99927.jpg&w=1080&q=75', 'groceries'),
(182, 'Bột cacao 100g', 'SP182', 'Gói', 117379.00, 157, '2025-10-20 03:51:53', 'https://down-vn.img.susercontent.com/file/vn-11134207-7r98o-lkt1h8ippagr15', 'groceries'),
(183, 'Nước Tương thượng hạng Kobe Bussan 1L\n', 'SP183', 'Chai', 70000.00, 53, '2025-10-20 03:51:53', 'https://product.hstatic.net/200000772199/product/nuoc_tuong_thuong_hang_kobe_bussan_1l_1cfb937750614deb9e7d9fd6b84099ea_grande.png', 'groceries'),
(184, 'Bột nêm 400g', 'SP184', 'Gói', 126522.00, 98, '2025-10-20 03:51:53', 'https://product.hstatic.net/200000506201/product/nem_meizan_cbe7e6efab454fb5bf6fbf47869e6aaf_grande.png', 'groceries'),
(185, 'Bột cacao 400g', 'SP185', 'Gói', 17652.00, 159, '2025-10-20 03:51:53', 'https://product.hstatic.net/1000104489/product/bot_ca_cao_huu_co_kaoka_1_400g_3ff8718d87954551b2af7acfa86a521d.jpg', 'groceries'),
(187, 'Dầu ăn hướng dương 1L', 'SP187', 'Chai', 73528.00, 189, '2025-10-20 03:51:53', 'https://bizweb.dktcdn.net/100/469/765/products/dau-huong-duong-nguyen-chat-simply-chai-1-lit-202201181533199560.jpg?v=1676718923320', 'groceries'),
(190, 'Bột nêm 250g', 'SP190', 'Hộp', 59186.00, 195, '2025-10-20 03:51:53', 'https://d3a0f2zusjbf7r.cloudfront.net/430/c67333bf-c995-443d-9606-c552fc278ecd.jpg', 'groceries'),
(191, 'Bột nêm 300g', 'SP191', 'Gói', 139767.00, 168, '2025-10-20 03:51:53', 'https://lovingveganfood.vn/wp-content/uploads/2023/06/bot-nem-goi-1260-1050-1.png', 'groceries'),
(192, 'Bột cacao 250g', 'SP192', 'Gói', 93396.00, 21, '2025-10-20 03:51:53', 'https://trongduccacao.vn/files/upload/san-pham/bot-cacao-nguyen-chat/bot-cacao-nguyen-chat-250g-01.jpg', 'groceries'),
(193, 'Bột nêm 100g', 'SP193', 'Hộp', 104604.00, 193, '2025-10-20 03:51:53', 'https://organicshop.com.vn/wp-content/uploads/2021/03/8032454000604-Bot-nem-rau-cu-huu-co-Sottolestelle-Preparato-per-Brodo-Vegetale-Biologico-100g-1.jpg', 'groceries'),
(196, 'Mì Ly Nissin Mì Xào Khô Hương Vị Gà Cay Hàn Quốc\n', 'SP196', 'Hộp', 60726.00, 138, '2025-10-20 03:51:53', 'https://salt.tikicdn.com/cache/750x750/ts/product/ba/38/42/d1f6f36eb291567122af03aa759a0150.jpg.webp', 'instant'),
(197, 'Há cảo 300g\n', 'SP197', 'Gói', 171814.00, 34, '2025-10-20 03:51:53', 'https://cholimexfood.com.vn/wp-content/uploads/2019/12/ha-cao-FILEminimizer.jpg', 'frozen'),
(199, 'Bánh Bao Kim Sa LC 300g - 61229\n', 'SP199', 'Hộp', 29000.00, 191, '2025-10-20 03:51:53', 'https://salt.tikicdn.com/cache/750x750/ts/product/33/e1/bf/45a46bb1a924cea4033d0a7daffca7ac.png.webp', 'frozen'),
(200, 'Gà viên 200g', 'SP200', 'Gói', 111274.00, 76, '2025-10-20 03:51:53', 'https://cdn.tgdd.vn/Products/Images/7170/227954/bhx/-202403141119560590.jpg', 'frozen');

-- --------------------------------------------------------

--
-- Cấu trúc bảng cho bảng `su_dung_voucher`
--

CREATE TABLE `su_dung_voucher` (
  `id` int(11) NOT NULL,
  `id_voucher` int(11) NOT NULL,
  `id_don_hang` int(11) NOT NULL,
  `id_khach_hang` int(11) NOT NULL,
  `so_tien_giam` decimal(10,2) NOT NULL,
  `ngay_su_dung` datetime NOT NULL DEFAULT current_timestamp()
) ENGINE=InnoDB DEFAULT CHARSET=utf8mb4 COLLATE=utf8mb4_unicode_ci;

-- --------------------------------------------------------

--
-- Cấu trúc bảng cho bảng `user`
--

CREATE TABLE `user` (
  `id` int(11) NOT NULL,
  `name` varchar(100) NOT NULL,
  `email` varchar(100) NOT NULL,
  `password` varchar(255) NOT NULL,
  `created_at` timestamp NOT NULL DEFAULT current_timestamp()
) ENGINE=InnoDB DEFAULT CHARSET=utf8mb4 COLLATE=utf8mb4_unicode_ci;

-- --------------------------------------------------------

--
-- Cấu trúc bảng cho bảng `voucher`
--

CREATE TABLE `voucher` (
  `id` int(11) NOT NULL,
  `ma_voucher` varchar(50) NOT NULL,
  `ten_voucher` varchar(100) NOT NULL,
  `mo_ta` text DEFAULT NULL,
  `loai_giam_gia` enum('phan_tram','tien_mat') NOT NULL DEFAULT 'phan_tram',
  `gia_tri_giam` decimal(10,2) NOT NULL,
  `gia_tri_toi_thieu` decimal(10,2) DEFAULT NULL,
  `gia_tri_toi_da` decimal(10,2) DEFAULT NULL,
  `so_luong` int(11) NOT NULL DEFAULT 1,
  `so_luong_da_dung` int(11) NOT NULL DEFAULT 0,
  `ngay_bat_dau` datetime NOT NULL,
  `ngay_ket_thuc` datetime NOT NULL,
  `trang_thai` enum('hoat_dong','tam_dung','het_han','het_luong') NOT NULL DEFAULT 'hoat_dong',
  `ngay_tao` datetime NOT NULL DEFAULT current_timestamp(),
  `ngay_cap_nhat` datetime NOT NULL
) ENGINE=InnoDB DEFAULT CHARSET=utf8mb4 COLLATE=utf8mb4_unicode_ci;

-- --------------------------------------------------------

--
-- Cấu trúc bảng cho bảng `_prisma_migrations`
--

CREATE TABLE `_prisma_migrations` (
  `id` varchar(36) NOT NULL,
  `checksum` varchar(64) NOT NULL,
  `finished_at` datetime(3) DEFAULT NULL,
  `migration_name` varchar(255) NOT NULL,
  `logs` text DEFAULT NULL,
  `rolled_back_at` datetime(3) DEFAULT NULL,
  `started_at` datetime(3) NOT NULL DEFAULT current_timestamp(3),
  `applied_steps_count` int(10) UNSIGNED NOT NULL DEFAULT 0
) ENGINE=InnoDB DEFAULT CHARSET=utf8mb4 COLLATE=utf8mb4_unicode_ci;

--
-- Đang đổ dữ liệu cho bảng `_prisma_migrations`
--

INSERT INTO `_prisma_migrations` (`id`, `checksum`, `finished_at`, `migration_name`, `logs`, `rolled_back_at`, `started_at`, `applied_steps_count`) VALUES
('26e70934-c3b2-441d-9c86-3d9258409064', '946eb183734abfb4d0d6bd50136c4a46c9b8a3ef9bf25588ba02666f85b86863', '2025-10-20 03:45:37.564', '20251005154357_add_danh_muc_to_san_pham', NULL, NULL, '2025-10-20 03:45:37.555', 1),
('294da812-d595-48a1-8ed8-c591a2bec5a7', 'a4dd839a7fd038677e5b0c25bc5a9df15a8091dd9998cf61251d1b9489d664dd', '2025-10-20 03:45:37.891', '20251012024414_add_bank_transaction_table', NULL, NULL, '2025-10-20 03:45:37.803', 1),
('341a4ddf-0e8d-4663-b491-b841abd996b2', 'e99101e12c6e3f7f7c04a122e97ac25a26150028c0300a17ba4ab9461f5603cd', '2025-10-20 03:45:37.802', '20251008065608_add_voucher_system', NULL, NULL, '2025-10-20 03:45:37.565', 1),
('3667da43-7930-43d7-8d7e-496de2a30454', 'fe954e3977053209e4cc24dc529db15bd74e784d5c18b0eaeb5508b2fc446ad2', '2025-10-20 03:45:37.540', '20251002162151_init', NULL, NULL, '2025-10-20 03:45:36.566', 1),
('e041f02f-2e00-4d82-9fe9-5e9a45b4d615', 'd7544fa8d6a1f9e56b35a8d39f10ec372789e0b54446278b95cfa68ab5e0f6e7', '2025-10-20 03:45:37.553', '20251003163538_moi', NULL, NULL, '2025-10-20 03:45:37.543', 1);

--
-- Chỉ mục cho các bảng đã đổ
--

--
-- Chỉ mục cho bảng `chi_tiet_don_hang`
--
ALTER TABLE `chi_tiet_don_hang`
  ADD PRIMARY KEY (`id`),
  ADD KEY `chi_tiet_don_hang_id_don_hang_idx` (`id_don_hang`),
  ADD KEY `chi_tiet_don_hang_id_san_pham_idx` (`id_san_pham`);

--
-- Chỉ mục cho bảng `chi_tiet_hoa_don_ban`
--
ALTER TABLE `chi_tiet_hoa_don_ban`
  ADD PRIMARY KEY (`id`),
  ADD KEY `id_hoa_don` (`id_hoa_don`),
  ADD KEY `id_san_pham` (`id_san_pham`);

--
-- Chỉ mục cho bảng `chi_tiet_phieu_nhap`
--
ALTER TABLE `chi_tiet_phieu_nhap`
  ADD PRIMARY KEY (`id`),
  ADD KEY `id_phieu_nhap` (`id_phieu_nhap`),
  ADD KEY `id_san_pham` (`id_san_pham`);

--
-- Chỉ mục cho bảng `dia_chi_khach`
--
ALTER TABLE `dia_chi_khach`
  ADD PRIMARY KEY (`id`),
  ADD KEY `dia_chi_khach_id_khach_hang_idx` (`id_khach_hang`);

--
-- Chỉ mục cho bảng `don_hang`
--
ALTER TABLE `don_hang`
  ADD PRIMARY KEY (`id`),
  ADD UNIQUE KEY `don_hang_ma_don_hang_key` (`ma_don_hang`),
  ADD KEY `don_hang_id_khach_hang_idx` (`id_khach_hang`),
  ADD KEY `don_hang_ma_don_hang_idx` (`ma_don_hang`);

--
-- Chỉ mục cho bảng `giao_dich_ngan_hang`
--
ALTER TABLE `giao_dich_ngan_hang`
  ADD PRIMARY KEY (`id`),
  ADD UNIQUE KEY `giao_dich_ngan_hang_ma_giao_dich_key` (`ma_giao_dich`),
  ADD KEY `giao_dich_ngan_hang_ma_giao_dich_idx` (`ma_giao_dich`),
  ADD KEY `giao_dich_ngan_hang_ma_don_hang_idx` (`ma_don_hang`),
  ADD KEY `giao_dich_ngan_hang_trang_thai_idx` (`trang_thai`),
  ADD KEY `giao_dich_ngan_hang_thoi_gian_tao_idx` (`thoi_gian_tao`);

--
-- Chỉ mục cho bảng `gio_hang`
--
ALTER TABLE `gio_hang`
  ADD PRIMARY KEY (`id`),
  ADD UNIQUE KEY `gio_hang_id_khach_hang_id_san_pham_key` (`id_khach_hang`,`id_san_pham`),
  ADD KEY `gio_hang_id_khach_hang_idx` (`id_khach_hang`),
  ADD KEY `gio_hang_id_san_pham_idx` (`id_san_pham`);

--
-- Chỉ mục cho bảng `hoa_don_ban`
--
ALTER TABLE `hoa_don_ban`
  ADD PRIMARY KEY (`id`),
  ADD KEY `id_nhan_vien` (`id_nhan_vien`);

--
-- Chỉ mục cho bảng `khach_hang`
--
ALTER TABLE `khach_hang`
  ADD PRIMARY KEY (`id`),
  ADD UNIQUE KEY `khach_hang_email_key` (`email`);

--
-- Chỉ mục cho bảng `nhan_vien`
--
ALTER TABLE `nhan_vien`
  ADD PRIMARY KEY (`id`),
  ADD UNIQUE KEY `nhan_vien_tai_khoan_key` (`tai_khoan`),
  ADD UNIQUE KEY `nhan_vien_email_key` (`email`),
  ADD KEY `tai_khoan` (`tai_khoan`);

--
-- Chỉ mục cho bảng `nha_cung_cap`
--
ALTER TABLE `nha_cung_cap`
  ADD PRIMARY KEY (`id`);

--
-- Chỉ mục cho bảng `phieu_nhap`
--
ALTER TABLE `phieu_nhap`
  ADD PRIMARY KEY (`id`),
  ADD KEY `id_nha_cung_cap` (`id_nha_cung_cap`),
  ADD KEY `id_nhan_vien` (`id_nhan_vien`);

--
-- Chỉ mục cho bảng `san_pham`
--
ALTER TABLE `san_pham`
  ADD PRIMARY KEY (`id`),
  ADD UNIQUE KEY `ma_san_pham` (`ma_san_pham`);

--
-- Chỉ mục cho bảng `su_dung_voucher`
--
ALTER TABLE `su_dung_voucher`
  ADD PRIMARY KEY (`id`),
  ADD UNIQUE KEY `su_dung_voucher_id_don_hang_key` (`id_don_hang`),
  ADD KEY `su_dung_voucher_id_voucher_idx` (`id_voucher`),
  ADD KEY `su_dung_voucher_id_don_hang_idx` (`id_don_hang`),
  ADD KEY `su_dung_voucher_id_khach_hang_idx` (`id_khach_hang`);

--
-- Chỉ mục cho bảng `user`
--
ALTER TABLE `user`
  ADD PRIMARY KEY (`id`),
  ADD UNIQUE KEY `email` (`email`);

--
-- Chỉ mục cho bảng `voucher`
--
ALTER TABLE `voucher`
  ADD PRIMARY KEY (`id`),
  ADD UNIQUE KEY `voucher_ma_voucher_key` (`ma_voucher`),
  ADD KEY `voucher_ma_voucher_idx` (`ma_voucher`),
  ADD KEY `voucher_trang_thai_idx` (`trang_thai`),
  ADD KEY `voucher_ngay_bat_dau_idx` (`ngay_bat_dau`),
  ADD KEY `voucher_ngay_ket_thuc_idx` (`ngay_ket_thuc`);

--
-- Chỉ mục cho bảng `_prisma_migrations`
--
ALTER TABLE `_prisma_migrations`
  ADD PRIMARY KEY (`id`);

--
-- AUTO_INCREMENT cho các bảng đã đổ
--

--
-- AUTO_INCREMENT cho bảng `chi_tiet_don_hang`
--
ALTER TABLE `chi_tiet_don_hang`
  MODIFY `id` int(11) NOT NULL AUTO_INCREMENT, AUTO_INCREMENT=93;

--
-- AUTO_INCREMENT cho bảng `chi_tiet_hoa_don_ban`
--
ALTER TABLE `chi_tiet_hoa_don_ban`
  MODIFY `id` int(11) NOT NULL AUTO_INCREMENT, AUTO_INCREMENT=152;

--
-- AUTO_INCREMENT cho bảng `chi_tiet_phieu_nhap`
--
ALTER TABLE `chi_tiet_phieu_nhap`
  MODIFY `id` int(11) NOT NULL AUTO_INCREMENT, AUTO_INCREMENT=158;

--
-- AUTO_INCREMENT cho bảng `dia_chi_khach`
--
ALTER TABLE `dia_chi_khach`
  MODIFY `id` int(11) NOT NULL AUTO_INCREMENT;

--
-- AUTO_INCREMENT cho bảng `don_hang`
--
ALTER TABLE `don_hang`
  MODIFY `id` int(11) NOT NULL AUTO_INCREMENT, AUTO_INCREMENT=93;

--
-- AUTO_INCREMENT cho bảng `giao_dich_ngan_hang`
--
ALTER TABLE `giao_dich_ngan_hang`
  MODIFY `id` int(11) NOT NULL AUTO_INCREMENT, AUTO_INCREMENT=57;

--
-- AUTO_INCREMENT cho bảng `gio_hang`
--
ALTER TABLE `gio_hang`
  MODIFY `id` int(11) NOT NULL AUTO_INCREMENT, AUTO_INCREMENT=94;

--
-- AUTO_INCREMENT cho bảng `hoa_don_ban`
--
ALTER TABLE `hoa_don_ban`
  MODIFY `id` int(11) NOT NULL AUTO_INCREMENT, AUTO_INCREMENT=51;

--
-- AUTO_INCREMENT cho bảng `khach_hang`
--
ALTER TABLE `khach_hang`
  MODIFY `id` int(11) NOT NULL AUTO_INCREMENT, AUTO_INCREMENT=3;

--
-- AUTO_INCREMENT cho bảng `nhan_vien`
--
ALTER TABLE `nhan_vien`
  MODIFY `id` int(11) NOT NULL AUTO_INCREMENT, AUTO_INCREMENT=51;

--
-- AUTO_INCREMENT cho bảng `nha_cung_cap`
--
ALTER TABLE `nha_cung_cap`
  MODIFY `id` int(11) NOT NULL AUTO_INCREMENT, AUTO_INCREMENT=51;

--
-- AUTO_INCREMENT cho bảng `phieu_nhap`
--
ALTER TABLE `phieu_nhap`
  MODIFY `id` int(11) NOT NULL AUTO_INCREMENT, AUTO_INCREMENT=51;

--
-- AUTO_INCREMENT cho bảng `san_pham`
--
ALTER TABLE `san_pham`
  MODIFY `id` int(11) NOT NULL AUTO_INCREMENT, AUTO_INCREMENT=201;

--
-- AUTO_INCREMENT cho bảng `su_dung_voucher`
--
ALTER TABLE `su_dung_voucher`
  MODIFY `id` int(11) NOT NULL AUTO_INCREMENT;

--
-- AUTO_INCREMENT cho bảng `user`
--
ALTER TABLE `user`
  MODIFY `id` int(11) NOT NULL AUTO_INCREMENT;

--
-- AUTO_INCREMENT cho bảng `voucher`
--
ALTER TABLE `voucher`
  MODIFY `id` int(11) NOT NULL AUTO_INCREMENT;

--
-- Các ràng buộc cho các bảng đã đổ
--

--
-- Các ràng buộc cho bảng `chi_tiet_don_hang`
--
ALTER TABLE `chi_tiet_don_hang`
  ADD CONSTRAINT `chi_tiet_don_hang_id_don_hang_fkey` FOREIGN KEY (`id_don_hang`) REFERENCES `don_hang` (`id`) ON DELETE CASCADE ON UPDATE CASCADE,
  ADD CONSTRAINT `chi_tiet_don_hang_id_san_pham_fkey` FOREIGN KEY (`id_san_pham`) REFERENCES `san_pham` (`id`) ON UPDATE CASCADE;

--
-- Các ràng buộc cho bảng `chi_tiet_hoa_don_ban`
--
ALTER TABLE `chi_tiet_hoa_don_ban`
  ADD CONSTRAINT `chi_tiet_hoa_don_ban_ibfk_1` FOREIGN KEY (`id_hoa_don`) REFERENCES `hoa_don_ban` (`id`) ON DELETE CASCADE ON UPDATE CASCADE,
  ADD CONSTRAINT `chi_tiet_hoa_don_ban_ibfk_2` FOREIGN KEY (`id_san_pham`) REFERENCES `san_pham` (`id`) ON DELETE CASCADE ON UPDATE CASCADE;

--
-- Các ràng buộc cho bảng `chi_tiet_phieu_nhap`
--
ALTER TABLE `chi_tiet_phieu_nhap`
  ADD CONSTRAINT `chi_tiet_phieu_nhap_ibfk_1` FOREIGN KEY (`id_phieu_nhap`) REFERENCES `phieu_nhap` (`id`) ON DELETE CASCADE ON UPDATE CASCADE,
  ADD CONSTRAINT `chi_tiet_phieu_nhap_ibfk_2` FOREIGN KEY (`id_san_pham`) REFERENCES `san_pham` (`id`) ON DELETE CASCADE ON UPDATE CASCADE;

--
-- Các ràng buộc cho bảng `dia_chi_khach`
--
ALTER TABLE `dia_chi_khach`
  ADD CONSTRAINT `dia_chi_khach_id_khach_hang_fkey` FOREIGN KEY (`id_khach_hang`) REFERENCES `khach_hang` (`id`) ON DELETE CASCADE ON UPDATE CASCADE;

--
-- Các ràng buộc cho bảng `don_hang`
--
ALTER TABLE `don_hang`
  ADD CONSTRAINT `don_hang_id_khach_hang_fkey` FOREIGN KEY (`id_khach_hang`) REFERENCES `khach_hang` (`id`) ON UPDATE CASCADE;

--
-- Các ràng buộc cho bảng `giao_dich_ngan_hang`
--
ALTER TABLE `giao_dich_ngan_hang`
  ADD CONSTRAINT `giao_dich_ngan_hang_ma_don_hang_fkey` FOREIGN KEY (`ma_don_hang`) REFERENCES `don_hang` (`ma_don_hang`) ON UPDATE CASCADE;

--
-- Các ràng buộc cho bảng `gio_hang`
--
ALTER TABLE `gio_hang`
  ADD CONSTRAINT `gio_hang_id_khach_hang_fkey` FOREIGN KEY (`id_khach_hang`) REFERENCES `khach_hang` (`id`) ON DELETE CASCADE ON UPDATE CASCADE,
  ADD CONSTRAINT `gio_hang_id_san_pham_fkey` FOREIGN KEY (`id_san_pham`) REFERENCES `san_pham` (`id`) ON DELETE CASCADE ON UPDATE CASCADE;

--
-- Các ràng buộc cho bảng `hoa_don_ban`
--
ALTER TABLE `hoa_don_ban`
  ADD CONSTRAINT `hoa_don_ban_ibfk_1` FOREIGN KEY (`id_nhan_vien`) REFERENCES `nhan_vien` (`id`) ON DELETE SET NULL ON UPDATE CASCADE;

--
-- Các ràng buộc cho bảng `phieu_nhap`
--
ALTER TABLE `phieu_nhap`
  ADD CONSTRAINT `phieu_nhap_ibfk_1` FOREIGN KEY (`id_nha_cung_cap`) REFERENCES `nha_cung_cap` (`id`),
  ADD CONSTRAINT `phieu_nhap_ibfk_2` FOREIGN KEY (`id_nhan_vien`) REFERENCES `nhan_vien` (`id`) ON DELETE SET NULL ON UPDATE CASCADE;

--
-- Các ràng buộc cho bảng `su_dung_voucher`
--
ALTER TABLE `su_dung_voucher`
  ADD CONSTRAINT `su_dung_voucher_id_don_hang_fkey` FOREIGN KEY (`id_don_hang`) REFERENCES `don_hang` (`id`) ON UPDATE CASCADE,
  ADD CONSTRAINT `su_dung_voucher_id_khach_hang_fkey` FOREIGN KEY (`id_khach_hang`) REFERENCES `khach_hang` (`id`) ON UPDATE CASCADE,
  ADD CONSTRAINT `su_dung_voucher_id_voucher_fkey` FOREIGN KEY (`id_voucher`) REFERENCES `voucher` (`id`) ON UPDATE CASCADE;
COMMIT;

/*!40101 SET CHARACTER_SET_CLIENT=@OLD_CHARACTER_SET_CLIENT */;
/*!40101 SET CHARACTER_SET_RESULTS=@OLD_CHARACTER_SET_RESULTS */;
/*!40101 SET COLLATION_CONNECTION=@OLD_COLLATION_CONNECTION */;
